상품명,가격,카테고리,중량,칼로리,단백질,지방,탄수화물,나트륨,행사 정보,편의점 코드,이미지 주소
폴라포포도,"1,800",아이스크림,120,70,0,0.4,17,35,1+1,1,https://image.woodongs.com/imgsvr/item/GD_8809713220048_004.jpg
인절미빙수,"3,500",아이스크림,260,240,3,2.8,51,50,2+1,1,https://image.woodongs.com/imgsvr/item/GD_8805584224710_001.jpg
딸기빙수,"3,500",아이스크림,280,114,2,5,17,42,2+1,1,https://image.woodongs.com/imgsvr/item/GD_8805584224734_001.jpg
더블팅,"1,800",아이스크림,130,164,0,0,41,22,1+1,1,https://image.woodongs.com/imgsvr/item/GD_8805584125130_132.jpg
끌레도르쿠키앤초코,"2,500",아이스크림,90,265,4,15,28,80,2+1,1,https://image.woodongs.com/imgsvr/item/GD_8801104670029_003.jpg
아이스가이피치,"2,500",아이스크림,200,10,0,0.2,2,25,2+1,1,https://image.woodongs.com/imgsvr/item/GD_8809713220093_002.jpg
본가찰옥수수,"2,200",아이스크림,700,165,2,7,23,95,2+1,1,https://image.woodongs.com/imgsvr/item/GD_8801062435692_695.jpg
국화빵,"2,200",식품,80,242,6,4.8,43,192,2+1,1,https://image.woodongs.com/imgsvr/item/GD_8801118251269_272.jpg
쿠키오,"2,200",아이스크림,130,195,3,8,27,140,2+1,1,https://image.woodongs.com/imgsvr/item/GD_8801118251405_408.jpg
누가바,"1,500",아이스크림,70,140,2,9,13,40,2+1,1,https://image.woodongs.com/imgsvr/item/GD_8809713220123_003.jpg
쌍쌍바,"1,500",아이스크림,402,120,2,4.8,17,25,2+1,1,https://image.woodongs.com/imgsvr/item/GD_8809713220031_002.jpg
밀크티,"1,700",음료,500,120,3,2.8,21,35,2+1,1,https://image.woodongs.com/imgsvr/item/GD_4711162987042_001.jpg
달고나라떼,"2,300",음료,300,220,5,4.7,39,90,2+1,1,https://image.woodongs.com/imgsvr/item/GD_8801121029176_002.jpg
우유속에코코아,"1,800",음료,900,250,8,9,34,145,2+1,1,https://image.woodongs.com/imgsvr/item/GD_8801121103661_664.jpg
엔요,"1,700",음료,280,112,3,0,25,55,2+1,1,https://image.woodongs.com/imgsvr/item/GD_8801121024737_002.jpg
마카다미아초코우유,"1,700",음료,500,375,11,7,67,300,2+1,1,https://image.woodongs.com/imgsvr/item/GD_8801753110136_002.jpg
프렌치카페카라멜마키아또,"2,100",음료,175,75,1,1,16,55,2+1,1,https://image.woodongs.com/imgsvr/item/GD_8801069175621_626.jpg
과수원사과,"1,600",음료,190,65,0,0,16,25,1+1,1,https://image.woodongs.com/imgsvr/item/GD_8801069416236_002.jpg
카페라떼,"2,800",아이스크림,100,165,4.3,5,21,65,2+1,1,https://image.woodongs.com/imgsvr/item/GD_8809350888984_003.jpg
비피더스사과,"1,500",음료,140,75,2.2,0.5,15,55,1+1,1,https://image.woodongs.com/imgsvr/item/GD_8801123101627_001.jpg
액티비아업딸기,"2,200",음료,210,99,5.7,0,18.9,105,2+1,1,https://image.woodongs.com/imgsvr/item/GD_8809274510893_008.jpg
액티비아업복숭아,"2,200",음료,210,99,5.7,0,19,105,2+1,1,https://image.woodongs.com/imgsvr/item/GD_8809274512651_006.jpg
요거톡스타볼,"2,200",음료,532,188,5,8,24,123,1+1,1,https://image.woodongs.com/imgsvr/item/GD_8809274513948_001.jpg
아카페라바닐라라떼,"2,000",음료,240,145,3.5,4,24,120,2+1,1,https://image.woodongs.com/imgsvr/item/GD_8801104212601_603.jpg
아카페라아메리카노,"2,000",음료,240,35,0.4,0,8,55,2+1,1,https://image.woodongs.com/imgsvr/item/GD_8801104212397_399.jpg
따옴사과주스,"2,200",음료,730,45,0,0,11,15,2+1,1,https://image.woodongs.com/imgsvr/item/GD_8801104500647_648.jpg
따옴오렌지주스,"2,200",음료,220,100,2,0.8,21,30,2+1,1,https://image.woodongs.com/imgsvr/item/GD_8801104500623_624.jpg
요플레토핑다크초코,"2,000",음료,125,165,6,5.5,23,130,2+1,1,https://image.woodongs.com/imgsvr/item/GD_8801104308281_001.jpg
타이거슈가흑당밀크티,"2,700",음료,300,220,5,8,32,150,2+1,1,https://image.woodongs.com/imgsvr/item/GD_8801155741280_002.jpg
오늘의과일야채ABC,"1,600",음료,190,85,0.8,0,20,75,2+1,1,https://image.woodongs.com/imgsvr/item/GD_8801104667173_002.jpg
오늘의과일야채사과,"1,600",음료,190,80,0.6,0,20,65,2+1,1,https://image.woodongs.com/imgsvr/item/GD_8801104501422_002.jpg
인포켓치즈라이트,"1,500",식품,200,55,0,0,0.7,105,2+1,1,https://image.woodongs.com/imgsvr/item/GD_8801155834708.jpg
딸기우유,"1,800",음료,500,359,10,11,55,177,2+1,1,https://image.woodongs.com/imgsvr/item/GD_8801115134213_003.jpg
바나나우유,"1,800",음료,225,125,4.6,4.2,17,90,2+1,1,https://image.woodongs.com/imgsvr/item/GD_8801115137290_001.jpg
초코우유,"1,800",음료,500,290,9.9,11.3,37,205,2+1,1,https://image.woodongs.com/imgsvr/item/GD_8801115134220_001.jpg
커피우유,"1,800",음료,300,195,0,0,0,220,2+1,1,https://image.woodongs.com/imgsvr/item/GD_8801115135708_002.jpg
아침에주스오렌지,"1,800",음료,210,95,2,0.5,21,25,2+1,1,https://image.woodongs.com/imgsvr/item/GD_8801115336143_147.jpg
듀오안사과,"2,000",음료,150,145,5,4.3,26,60,1+1,1,https://image.woodongs.com/imgsvr/item/GD_8801115225591_002.jpg
연양갱,900,과자,55,160,2.2,0,38,0,2+1,1,https://image.woodongs.com/imgsvr/item/GD_8801019005909_910.jpg
키커바,"1,000",과자,30,166,2,10,17,40,2+1,1,https://image.woodongs.com/imgsvr/item/GD_8801111905299.jpg
땅콩카라멜,"2,000",과자,400,1730,18,39,326,520,2+1,1,https://image.woodongs.com/imgsvr/item/GD_8801111912075_002.jpg
콤부차,"7,500",음료,330,3,0.3,0,0.2,0,2+1,1,https://image.woodongs.com/imgsvr/item/GD_8809071546552_002.jpg
오사쯔,"1,500",과자,65,365,2,23,38,210,2+1,1,https://image.woodongs.com/imgsvr/item/GD_8801019606328_001.jpg
트러플감자칩,"2,000",과자,130,685,10,40,71,950,2+1,1,https://image.woodongs.com/imgsvr/item/GD_8801019611537_003.jpg
아이비,"1,200",과자,270,100,2,2.9,16,160,2+1,1,https://image.woodongs.com/imgsvr/item/GD_8801019307652_655.jpg
에센뽀득프랑크,"4,200",식품,70,160,18,12,3,290,2+1,1,https://image.woodongs.com/imgsvr/item/GD_8801123309375_001.jpg
천하장사치즈,"2,400",식품,504,47,3,1.7,5,140,1+1,1,https://image.woodongs.com/imgsvr/item/GD_8801077363904_001.jpg
숯불구이맛후랑크,"1,900",식품,70,185,11,12,8,530,2+1,1,https://image.woodongs.com/imgsvr/item/GD_8801074006897_001.jpg
쁘띠첼포도,"2,200",과자,90,70,0,0,17,30,2+1,1,https://image.woodongs.com/imgsvr/item/GD_8801007677842_001.jpg
비비고김치볶음,"3,200",즉석요리,80,60,2,2.6,7,580,2+1,1,https://image.woodongs.com/imgsvr/item/GD_8801007636009_001.jpg
양반쇠고기죽,"4,500",즉석요리,287.5,165,7,3.7,26,570,2+1,1,https://image.woodongs.com/imgsvr/item/GD_8801047168751_001.jpg
양반전복죽,"4,500",즉석요리,287.5,150,5,2.7,26,590,2+1,1,https://image.woodongs.com/imgsvr/item/GD_8801047168744_001.jpg
쁘띠첼밀감,"2,200",과자,90,70,0,0,17,20,2+1,1,https://image.woodongs.com/imgsvr/item/GD_8801007677743_001.jpg
쁘띠첼복숭아,"2,200",과자,270,75,0,0,19,13,2+1,1,https://image.woodongs.com/imgsvr/item/GD_8801007677781_001.jpg
훈제메추리알,"1,000",식품,15,40,0,0,0,115,2+1,1,https://image.woodongs.com/imgsvr/item/GD_8801898160485_486.jpg
딤섬새우슈마이,"4,000",즉석요리,135,260,12,11,28,480,2+1,1,https://image.woodongs.com/imgsvr/item/GD_8801045933450_002.jpg
새우볶음밥,"4,500",즉석요리,160,260.7,7.9,6.9,41.8,371.4,2+1,1,https://image.woodongs.com/imgsvr/item/GD_8801045941103_001.jpg
비비고매운왕교자,"5,900",즉석요리,385,850,26,51,72,1510,2+1,1,https://image.woodongs.com/imgsvr/item/GD_8801007715353_001.jpg
스팸김치볶음밥,"3,900",즉석요리,100,160,3,1.7,33,282,2+1,1,https://image.woodongs.com/imgsvr/item/GD_8801007353395_003.jpg
그린티,"5,000",아이스크림,750,170,3,6,26,51,2+1,1,https://image.woodongs.com/imgsvr/item/GD_8801008700358_002.jpg
오리지널,"2,100",음료,2000,45,0,0,11.5,0,2+1,1,https://image.woodongs.com/imgsvr/item/GD_8806011616047_001.jpg
로스팜,"6,200",식품,1800,230,12,22,1,780,1+1,1,https://image.woodongs.com/imgsvr/item/GD_8801123602124_002.jpg
맛밤,"3,900",식품,660,215,4.8,0.5,47.8,0,2+1,1,https://image.woodongs.com/imgsvr/item/GD_8801007022635_639.jpg
매운리챔,"6,200",식품,340,318,10,30,2,800,2+1,1,https://image.woodongs.com/imgsvr/item/GD_8801047181286_001.jpg
고구마깡,"1,700",과자,83,415,3,18,59,370,2+1,1,https://image.woodongs.com/imgsvr/item/GD_8801043036092_002.jpg
바나나킥,"1,700",과자,140,420,4,6,88,130,2+1,1,https://image.woodongs.com/imgsvr/item/GD_8801043036634_002.jpg
허쉬초콜릿칩쿠키,"2,500",과자,480,2141,30.96,69.7,347.57,1853.28,2+1,1,https://image.woodongs.com/imgsvr/item/GD_8809256675404_002.jpg
젤리빈,"1,800",과자,55,204,0,0,50.9,0,2+1,1,https://image.woodongs.com/imgsvr/item/GD_8809827250818_002.jpg
치즈뿌린치킨팝,"1,100",과자,81,417,4,21,53,390,2+1,1,https://image.woodongs.com/imgsvr/item/GD_8801117689704_001.jpg
오징어땅콩,"3,000",과자,202,147,4,7,17,100,2+1,1,https://image.woodongs.com/imgsvr/item/GD_8801117761004_005.jpg
아폴로,800,과자,1000,300,0,0,75.3,61,2+1,1,https://image.woodongs.com/imgsvr/item/GD_6943545500014_001.jpg
닭다리너겟,"3,300",과자,130,515,7,26,63,660,2+1,1,https://image.woodongs.com/imgsvr/item/GD_8801043034562_002.jpg
쫀득초코칩,"2,000",과자,240,395,4,13,66,270,2+1,1,https://image.woodongs.com/imgsvr/item/GD_8801204008708_002.jpg
킨더해피히포,900,과자,579.6,590,6,39,54,106,2+1,1,https://image.woodongs.com/imgsvr/item/GD_80176732_002.jpg
킨더부에노,"1,700",과자,129,573.6,11,49,64,140,2+1,1,https://image.woodongs.com/imgsvr/item/GD_8000500066027_001.jpg
킨더초콜릿,"1,700",과자,100,567,8.7,35,54.4,123,2+1,1,https://image.woodongs.com/imgsvr/item/GD_80177609.jpg
참크래커,"1,200",과자,56,252,5,8,40,390,2+1,1,https://image.woodongs.com/imgsvr/item/GD_8801111186582.jpg
죠리퐁,"1,500",과자,74,330,6,10,57,120,2+1,1,https://image.woodongs.com/imgsvr/item/GD_8801111610636_637.jpg
콘푸로스트,"1,900",식품,500,377,5.5,0.8,87,500,2+1,1,https://image.woodongs.com/imgsvr/item/GD_8801083333304_001.jpg
햇반매일잡곡밥,"2,800",즉석요리,630,315,6,0.9,71,30,2+1,1,https://image.woodongs.com/imgsvr/item/GD_8801007684543_003.jpg
비비고버섯야채죽,"4,500",즉석요리,450,245,3,4.5,48,960,2+1,1,https://image.woodongs.com/imgsvr/item/GD_8801007760278_003.jpg
비비고새우계란죽,"4,500",즉석요리,450,260,8,7,41,840,2+1,1,https://image.woodongs.com/imgsvr/item/GD_8801007900933_003.jpg
비비고소고기죽,"4,500",즉석요리,450,250,10,3.5,45,820,2+1,1,https://image.woodongs.com/imgsvr/item/GD_8801007760292_002.jpg
비비고전복죽,"4,500",즉석요리,450,245,6,4.1,46,860,2+1,1,https://image.woodongs.com/imgsvr/item/GD_8801007677064_002.jpg
비비고한우사골곰탕,"3,200",즉석요리,500,35,3,1.8,2,670,1+1,1,https://image.woodongs.com/imgsvr/item/GD_8801007849805_001.jpg
비비고누룽지닭백숙죽,"4,500",즉석요리,280,150,7,1.8,26,610,2+1,1,https://image.woodongs.com/imgsvr/item/GD_8801007745794_003.jpg
양반한우사골곰탕,"3,900",즉석요리,460,50,4,3.4,1,950,1+1,1,https://image.woodongs.com/imgsvr/item/GD_8801047169482_002.jpg
양반단호박죽,"4,500",즉석요리,285,165,2,0,39,310,2+1,1,https://image.woodongs.com/imgsvr/item/GD_8801047161592_596.jpg
양반밤단팥죽,"4,500",즉석요리,285,315,8,0.6,70,630,2+1,1,https://image.woodongs.com/imgsvr/item/GD_8801047161653_655.jpg
양반야채죽,"4,500",즉석요리,287.5,155,3,2.2,31,460,2+1,1,https://image.woodongs.com/imgsvr/item/GD_8801047161646_649.jpg
양반영양닭죽,"4,500",즉석요리,285,140,7,0.7,26,780,2+1,1,https://image.woodongs.com/imgsvr/item/GD_8801047161677_680.jpg
양반참치죽,"4,500",즉석요리,287.5,165,7,2.6,29,465,2+1,1,https://image.woodongs.com/imgsvr/item/GD_8801047161585_588.jpg
남도추어탕,"9,500",즉석요리,500,190,13,14,4,1840,1+1,1,https://image.woodongs.com/imgsvr/item/GD_8801052039992_002.jpg
맑은닭곰탕,"5,900",즉석요리,180,59.5,9.9,0.7,3.5,23.4,2+1,1,https://image.woodongs.com/imgsvr/item/GD_8801052090870_002.jpg
토닉워터,"2,500",음료,250,98,0,0,24,28.5,2+1,1,https://image.woodongs.com/imgsvr/item/GD_8801001236199_001.jpg
오로나민C,"1,400",음료,120,70,0,0,17,0,2+1,1,https://image.woodongs.com/imgsvr/item/GD_8801097280014_002.jpg
오렌지,"1,950",음료,175,40,0,0,10,25,2+1,1,https://image.woodongs.com/imgsvr/item/GD_8801094265205_206.jpg
닥터페퍼,"2,100",음료,355,148,0,0,37,13,2+1,1,https://image.woodongs.com/imgsvr/item/GD_8801094052607_002.jpg
코코팜포도,"1,500",음료,340,168,0,0,42,51,2+1,1,https://image.woodongs.com/imgsvr/item/GD_8801105911312_001.jpg
포도봉봉,"1,500",음료,238,125,0,0,31,45,2+1,1,https://image.woodongs.com/imgsvr/item/GD_8801105911299_001.jpg
검은콩두유,"1,300",음료,190,115,0,4.5,0,140,2+1,1,https://image.woodongs.com/imgsvr/item/GD_8801121025710_001.JPG
컨디션CEO,"10,000",음료,150,120,2,0,28,20,2+1,1,https://image.woodongs.com/imgsvr/item/GD_8809422040876_005.jpg
컨디션레이디,"5,000",음료,100,55,2,0,12,45,2+1,1,https://image.woodongs.com/imgsvr/item/GD_8801007178233_238.jpg
펩시콜라,"2,000",음료,355,160,0,0,40,0,1+1,1,https://image.woodongs.com/imgsvr/item/GD_8801056193010_013.jpg
칠성사이다제로,"2,200",음료,355,0,0,0,6,9,2+1,1,https://image.woodongs.com/imgsvr/item/GD_8801056177584_004.jpg
흑당라떼,"2,500",음료,300,200,6,3.8,36,140,2+1,1,https://image.woodongs.com/imgsvr/item/GD_8801056090227_001.jpg
흑임자라떼,"2,500",음료,230,200,3,5,35,90,2+1,1,https://image.woodongs.com/imgsvr/item/GD_8801056232283_001.jpg
델몬트알로에,"2,200",음료,1500,45,0,0,11,10,2+1,1,https://image.woodongs.com/imgsvr/item/GD_8801056071301_002.jpg
델몬트오렌지,"2,200",음료,1500,50,0.7,0,12,5,2+1,1,https://image.woodongs.com/imgsvr/item/GD_8801056071226_001.jpg
오랑지나,"2,200",음료,420,175,0,0,44,11,2+1,1,https://image.woodongs.com/imgsvr/item/GD_8801056094775_001.jpg
솔의눈,"2,000",음료,240,75,0,0,19,30,2+1,1,https://image.woodongs.com/imgsvr/item/GD_8801056228927_001.JPG
핫식스더킹파워,"2,200",음료,355,170,0,0,42,105,2+1,1,https://image.woodongs.com/imgsvr/item/GD_8801056098834_004.jpg
핫식스더킹포스,"2,200",음료,355,12,0,1,1,180,2+1,1,https://image.woodongs.com/imgsvr/item/GD_8801056171032_002.jpg
간개무량,"5,000",음료,150,42,0,0,10,8,1+1,1,https://image.woodongs.com/imgsvr/item/GD_8801147123155_005.jpg
알로에농장,"2,150",음료,1500,40,0,0,10,10,2+1,1,https://image.woodongs.com/imgsvr/item/GD_8801861150512_515.jpg
헛개땡큐골드,"5,000",음료,100,43,0,0.3,10,45,1+1,1,https://image.woodongs.com/imgsvr/item/GD_8809125061857_001.jpg
한뿌리홍삼대보,"5,000",음료,960,30,0,0,8,5,1+1,1,https://image.woodongs.com/imgsvr/item/GD_8801007955551_001.jpg
커피빈아메리카노,"2,700",음료,100,4,0.4,0.05,0.5,0,2+1,1,https://image.woodongs.com/imgsvr/item/GD_8801104941174_001.jpg
하늘가득유자레몬,"2,100",음료,330,170,0,0,43,10,2+1,1,https://image.woodongs.com/imgsvr/item/GD_8801104305051_003.jpg
하늘가득자몽,"2,100",음료,330,145,0.7,0,36,45,2+1,1,https://image.woodongs.com/imgsvr/item/GD_8801104300445_005.jpg
테이크얼라이브망고,"2,500",음료,120,55,0,0.9,12,40,1+1,1,https://image.woodongs.com/imgsvr/item/GD_8801155740061_001.JPG
테이크얼라이브블러드오렌지,"2,500",음료,250,125,0.7,1.6,27,95,1+1,1,https://image.woodongs.com/imgsvr/item/GD_8801155723514_001.jpg
미에로화이바,"1,500",음료,1200,80,0,0,20,40,2+1,1,https://image.woodongs.com/imgsvr/item/GD_8806004382119_122.jpg
맥콜,"2,000",음료,1250,50,0,0,12,10,2+1,1,https://image.woodongs.com/imgsvr/item/GD_8801223100261_263.jpg
알로에베라킹,"2,200",음료,500,185,0,0,45,0,2+1,1,https://image.woodongs.com/imgsvr/item/GD_8809041427065_002.jpg
워터멜론,"2,200",음료,500,200,0,0,50,10,2+1,1,https://image.woodongs.com/imgsvr/item/GD_8809041429649_002.jpg
비타천플러스,"1,200",음료,100,40,0,0,10,10,1+1,1,https://image.woodongs.com/imgsvr/item/GD_8806016184114_001.jpg
비타,"1,600",음료,240,80,0,0,20,75,2+1,1,https://image.woodongs.com/imgsvr/item/GD_8806002010977_004.jpg
단호박죽,"4,500",즉석요리,420,350,5,1,80,630,1+1,1,https://image.woodongs.com/imgsvr/item/GD_8801045303048_001.jpg
쇠고기죽,"4,500",즉석요리,200,145,3.8,3.2,24.6,408,1+1,1,https://image.woodongs.com/imgsvr/item/GD_8801045303017_003.jpg
영양닭죽,"4,500",즉석요리,500,55,3,0.7,9,170,1+1,1,https://image.woodongs.com/imgsvr/item/GD_8801045303062_001.jpg
전복죽,"4,500",즉석요리,300,274.8,7.1,5.26,49.77,572.64,1+1,1,https://image.woodongs.com/imgsvr/item/GD_8801045303000_001.jpg
통단팥죽,"4,500",즉석요리,285,310,10,0.9,66,420,1+1,1,https://image.woodongs.com/imgsvr/item/GD_8801045303031_001.jpg
사골곰탕,"2,500",즉석요리,600,138.3,24.9,4,0.7,639.3,2+1,1,https://image.woodongs.com/imgsvr/item/GD_8801045290102_001.jpg
남도식한우미역국,"7,800",즉석요리,500,155,10,8,11,1450,1+1,1,https://image.woodongs.com/imgsvr/item/GD_8801045290843_003.jpg
대구식쇠고기육개장,"7,800",즉석요리,500,250,14,12,21,1980,1+1,1,https://image.woodongs.com/imgsvr/item/GD_8801045600444_003.jpg
마포식차돌된장찌개,"7,800",즉석요리,500,380,21,12,47,2000,1+1,1,https://image.woodongs.com/imgsvr/item/GD_8801045634630_002.jpg
베이컨감자스프,"3,800",즉석요리,230,190,4,12,17,560,1+1,1,https://image.woodongs.com/imgsvr/item/GD_8801045759296_002.jpg
양송이크림스프,"3,800",즉석요리,200,345,5,19,38,1050,1+1,1,https://image.woodongs.com/imgsvr/item/GD_8801045415888_002.jpg
21곡초코바,700,과자,225,77,1,4,10,15,2+1,1,https://image.woodongs.com/imgsvr/item/GD_8809037840892_002.jpg
비비고콩나물황태국,"5,900",즉석요리,500,85,15,1.1,4,1310,2+1,1,https://image.woodongs.com/imgsvr/item/GD_8801007628899_003.jpg
비비고설렁탕,"5,900",즉석요리,500,80,9,4.8,0,1230,2+1,1,https://image.woodongs.com/imgsvr/item/GD_8801007560922_002.jpg
비비고소고기무국,"5,900",즉석요리,500,50,6,1.4,3,1390,2+1,1,https://image.woodongs.com/imgsvr/item/GD_8801007628813_001.jpg
비비고소고기미역국,"5,900",즉석요리,500,95,7,3.9,8,1650,2+1,1,https://image.woodongs.com/imgsvr/item/GD_8801007561677_001.jpg
비비고육개장,"5,900",즉석요리,500,250,11,7,36,1810,2+1,1,https://image.woodongs.com/imgsvr/item/GD_8801007526515_001.jpg
누룽지미역국밥,"3,200",즉석요리,77.5,270,5,2.1,58,1170,2+1,1,https://image.woodongs.com/imgsvr/item/GD_8809782280110_002.jpg
약과도넛,"1,100",식품,60,290,3,15,36,140,2+1,1,https://image.woodongs.com/imgsvr/item/GD_8809990367924_002.jpg
초콜릿칩쿠키,"1,700",과자,38,184,2,8,26,124,2+1,1,https://image.woodongs.com/imgsvr/item/GD_8809256674636_003.jpg
우리쌀누룽지설렁탕,"3,900",즉석요리,74,277,5,2.3,59,769,2+1,1,https://image.woodongs.com/imgsvr/item/GD_8801759014728_002.jpg
초에너지바,"1,200",과자,40,195,5,10,21,20,2+1,1,https://image.woodongs.com/imgsvr/item/GD_8801062887286_006.jpg
밀크초콜릿,"1,600",과자,2500,565,7,37,51,79,2+1,1,https://image.woodongs.com/imgsvr/item/GD_03424005_007.jpg
아몬드초콜릿,"1,600",과자,120,566,10,38,46,200,2+1,1,https://image.woodongs.com/imgsvr/item/GD_03424102_104.jpg
쿠키앤크림초콜릿,"1,600",과자,4530,459,3,23,60,133,2+1,1,https://image.woodongs.com/imgsvr/item/GD_034000239344_348.jpg
빈츠,"2,800",과자,204,45,0.7,2.3,5,15,2+1,1,https://image.woodongs.com/imgsvr/item/GD_8801062634415_418.jpg
초단백질바,"1,200",식품,40,200,8.9,20,5,6,2+1,1,https://image.woodongs.com/imgsvr/item/GD_8801062884605_007.jpg
핵짱셔요콜라,"1,200",과자,50,155,2,0,37,10,2+1,1,https://image.woodongs.com/imgsvr/item/GD_8801062885428_001.jpg
가나초코바아몬드,"1,000",과자,45,215,4,11,25,50,2+1,1,https://image.woodongs.com/imgsvr/item/GD_8801062278053_056.jpg
박카스맛젤리,"1,200",과자,50,175,3,0,40,15,2+1,1,https://image.woodongs.com/imgsvr/item/GD_8806011435631_001.jpg
밀카레오,"1,300",과자,33.3,178,2,10,20,35,2+1,1,https://image.woodongs.com/imgsvr/item/GD_76222276_003.jpg
트롤리사우어옥토퍼스,"2,500",과자,100,324,4.9,0,76,100,2+1,1,https://image.woodongs.com/imgsvr/item/GD_8436036186258_006.jpg
반마리훈제치킨,"7,500",식품,270,185,17,12,3,570,0,1,https://image.woodongs.com/imgsvr/item/GD_8801492369321_002.jpg
숯불구이후랑크,"3,600",식품,30,20.07,1.32,0.98,1.49,89.73,2+1,1,https://image.woodongs.com/imgsvr/item/GD_8801066060517_001.jpg
맥스봉숯불구이맛핫바,"2,500",식품,90,220,12,14,12,820,2+1,1,https://image.woodongs.com/imgsvr/item/GD_8801007403571_001.jpg
맥스봉청양고추후랑크,"2,500",식품,90,195,13,13,7,630,2+1,1,https://image.woodongs.com/imgsvr/item/GD_8801007348308_005.jpg
맥스봉오리지널,"2,200",식품,560,65,4,3,5,240,1+1,1,https://image.woodongs.com/imgsvr/item/GD_8801007849126_001.jpg
맥스봉치즈플러스,"2,200",식품,1080,75,4,4.1,5,270,1+1,1,https://image.woodongs.com/imgsvr/item/GD_8801007223902_001.jpg
맥스봉갈릭후랑크,"2,500",식품,90,257,11,21,6,900,1+1,1,https://image.woodongs.com/imgsvr/item/GD_8801007618807_001.jpg
열무김치말이국수,"4,500",즉석요리,560,359,12,3.4,70,2973,0,1,https://image.woodongs.com/imgsvr/item/GD_2700038849043_001.JPG
죠스바,"1,200",아이스크림,75,85,0,0,21,0.9,2+1,1,https://image.woodongs.com/imgsvr/item/GD_8801062417056_058.jpg
돼지바,"1,200",아이스크림,70,165,2,9,20,35,2+1,1,https://image.woodongs.com/imgsvr/item/GD_8801118250613.jpg
옥동자,"1,200",아이스크림,70,170,2,9,20,50,2+1,1,https://image.woodongs.com/imgsvr/item/GD_8801062417414_004.jpg
옥동자딸기,"1,200",아이스크림,70,175,2,9,21,50,2+1,1,https://image.woodongs.com/imgsvr/item/GD_8801062412020_003.jpg
와일드바디,"1,200",아이스크림,420,160,2,9,18,45,2+1,1,https://image.woodongs.com/imgsvr/item/GD_8801062417452_454.jpg
블루베리요거트,"2,300",음료,190,155,5,6,21,70,1+1,1,https://image.woodongs.com/imgsvr/item/GD_8801753110501_001.jpg
핫식스,"1,500",음료,250,120,0,0,30,70,1+1,1,https://image.woodongs.com/imgsvr/item/GD_8801056038861_865.jpg
비바크비센,"2,200",식품,75,215,12,17,4,330,2+1,1,https://image.woodongs.com/imgsvr/item/GD_8801074258524_002.jpg
딸기요거트,"2,300",음료,330,83.7,2.6,2.9,13.4,35.6,1+1,1,https://image.woodongs.com/imgsvr/item/GD_8801753110976_001.jpg
하리보메가룰렛,"1,100",과자,1800,340,7,0.5,77,30,2+1,1,https://image.woodongs.com/imgsvr/item/GD_4001686372586_001.jpg
하리보메가룰렛사우어,"1,100",과자,1800,330,5,0,77,12,2+1,1,https://image.woodongs.com/imgsvr/item/GD_4001686372975_001.jpg
꼬마꿀호떡,"1,500",식품,120,370,6,6,72,270,2+1,1,https://image.woodongs.com/imgsvr/item/GD_8801062479023_003.jpg
초코블랑,"1,500",식품,360,138,2,6,19,75,2+1,1,https://image.woodongs.com/imgsvr/item/GD_8801068392944_001.jpg
잼있는딸기쿠키,"1,200",과자,75,302,3,10,50,160,2+1,1,https://image.woodongs.com/imgsvr/item/GD_8801068371208_001.jpg
잼있는사과쿠키,"1,200",과자,75,302,3,10,50,170,2+1,1,https://image.woodongs.com/imgsvr/item/GD_8801068371192_001.jpg
청포도에이드,"1200
",음료,80,50,0,0,12,0,0,2,https://tqklhszfkvzk6518638.cdn.ntruss.com/product/8809253648951.jpg
블랙아메리카노,"1200
",음료,190,20,1,0.2,4,35,0,2,https://tqklhszfkvzk6518638.cdn.ntruss.com/product/8808024032272.jpg
복숭아아이스티,"1200
",음료,320,170,0,0,43,27,0,2,https://tqklhszfkvzk6518638.cdn.ntruss.com/product/8809253648913.jpg
블루레몬에이드,"1200
",음료,230,135,0,0,35,50,0,2,https://tqklhszfkvzk6518638.cdn.ntruss.com/product/8809253648937.jpg
꿀배에이드,"1300
",음료,230,115,0.7,0,28,10,0,2,https://tqklhszfkvzk6518638.cdn.ntruss.com/product/8809184809254.jpg
삼육두유모나카,"1800
",아이스크림,140,174,2,6,28,61,0,2,https://tqklhszfkvzk6518638.cdn.ntruss.com/product/8809194494112.jpg
브라우니쿠키,"1000
",과자,120,120,2,0,0,65,0,2,https://tqklhszfkvzk6518638.cdn.ntruss.com/product/2201148649696.jpg
한컵순대곱창,"5500
",즉석요리,331.5,169,4,3.4,30,551,0,2,https://tqklhszfkvzk6518638.cdn.ntruss.com/product/8809266251216.jpg
구운코코넛칩,"2200
",과자,40,220,2,14,22,30,0,2,https://tqklhszfkvzk6518638.cdn.ntruss.com/product/8850813311044.jpg
신림동백순대볶음,"6900
",간편식사,591,791,15,15,149,2681,0,2,https://tqklhszfkvzk6518638.cdn.ntruss.com/product/8809270723730.jpg
치킨크림리조또,"6500
",즉석요리,230,445,8,27,43,920,0,2,https://tqklhszfkvzk6518638.cdn.ntruss.com/product/8801771028192.jpg
곡물샐러드,"5500
",식품,250,251,9.6,11.4,30.8,531,0,2,https://tqklhszfkvzk6518638.cdn.ntruss.com/product/8801771027751.jpg
해초비빔밥,"4900
",즉석요리,200,305,6,1.3,68,550,0,2,https://tqklhszfkvzk6518638.cdn.ntruss.com/product/8809367692772.jpg
부산식냉채족발,"7900
",즉석요리,551,658,58,38,21,754,0,2,https://tqklhszfkvzk6518638.cdn.ntruss.com/product/8804985342221.jpg
녹차롤케익,"2000
",식품,140,222,5,11,25,45,0,2,https://tqklhszfkvzk6518638.cdn.ntruss.com/product/8807999064455.jpg
피크닉샌드위치,"5900
",즉석요리,186,475,11,23,54,780,0,2,https://tqklhszfkvzk6518638.cdn.ntruss.com/product/8809895799301.jpg
초코카스테라,"2000
",식품,110,375,7,14,57,70,0,2,https://tqklhszfkvzk6518638.cdn.ntruss.com/product/8809523623503.jpg
생크림카스테라,"2000
",식품,150,555,7,34,55,200,0,2,https://tqklhszfkvzk6518638.cdn.ntruss.com/product/8809523623497.jpg
콥샐러드,"6600
",식품,168,220,13,11,18,448,0,2,https://tqklhszfkvzk6518638.cdn.ntruss.com/product/8809665560346.jpg
돈코츠라멘,"2800
",식품,314.7,420,15,8,75,2120,0,2,https://tqklhszfkvzk6518638.cdn.ntruss.com/product/4902702004415.jpg
허니리코타치즈샐러드,"4800
",즉석요리,240,250,4.6,7,42,580,0,2,https://tqklhszfkvzk6518638.cdn.ntruss.com/product/8809148599016.jpg
카프레제샐러드,"6600
",식품,250,120.59,6.25,7.99,5.92,185.49,0,2,https://tqklhszfkvzk6518638.cdn.ntruss.com/product/8809665560681.jpg
통밀햄,"3300
",즉석요리,180,329,20,13,33,1240,0,2,https://tqklhszfkvzk6518638.cdn.ntruss.com/product/8809895799349.jpg
햄에그치즈,"3300
",즉석요리,200,424,18,20,42,987,0,2,https://tqklhszfkvzk6518638.cdn.ntruss.com/product/8809802268609.jpg
에그포테이토,"3300
",즉석요리,110,248,6,12,29,358,0,2,https://tqklhszfkvzk6518638.cdn.ntruss.com/product/8809802268104.jpg
김치제육,"1300
",즉석요리,105,169,5,2.3,32,441,0,2,https://tqklhszfkvzk6518638.cdn.ntruss.com/product/8809802267824.jpg
치킨마요덮밥,"3900
",즉석요리,393,709,29,17,110,1395,0,2,https://tqklhszfkvzk6518638.cdn.ntruss.com/product/8809453267112.jpg
마파두부덮밥,"4800
",즉석요리,260,385,11,7,71,827,0,2,https://tqklhszfkvzk6518638.cdn.ntruss.com/product/8809802266933.jpg
리코타치즈샐러드,"4800
",식품,137,330,6,17,38,410,0,2,https://tqklhszfkvzk6518638.cdn.ntruss.com/product/8809142022817.jpg
김치볶음밥,"4300
",즉석요리,301,138,3.6,2.9,24.5,677,0,2,https://tqklhszfkvzk6518638.cdn.ntruss.com/product/8809802266544.jpg
쿠키앤크림케이크,"3800
",식품,580,365,5,0,0,150,0,2,https://tqklhszfkvzk6518638.cdn.ntruss.com/product/8809495143269.jpg
해물누룽지탕,"4900
",즉석요리,1000,55.23,2.22,3.5,3.69,420.22,0,2,https://tqklhszfkvzk6518638.cdn.ntruss.com/product/8801284278879.jpg
햇반,"17800
",즉석요리,630,315,5,1.5,70,15,0,2,https://tqklhszfkvzk6518638.cdn.ntruss.com/product/8801392009730.jpg
춘천식치즈닭갈비,"7900
",즉석요리,325,620,38,27,56,1980,0,2,https://tqklhszfkvzk6518638.cdn.ntruss.com/product/8809533200329.jpg
양배추,"1900
",음료,2100,15,0,0,4,0,0,2,https://tqklhszfkvzk6518638.cdn.ntruss.com/product/8801448108103.jpg
스크류바에이드,"1400
",음료,230,140,0,0,33,25,0,2,https://tqklhszfkvzk6518638.cdn.ntruss.com/product/8801062874941.jpg
수박바에이드,"1400
",음료,230,135,0.7,0,33,3,0,2,https://tqklhszfkvzk6518638.cdn.ntruss.com/product/8801062874934.jpg
유기농곰모양구미,"2500
",과자,2500,324,5,0,76,80,0,2,https://tqklhszfkvzk6518638.cdn.ntruss.com/product/8809805620473.jpg
콰트로타워버거,"2700
",즉석요리,210,50,13,27,52,1480,0,2,https://tqklhszfkvzk6518638.cdn.ntruss.com/product/8801068396782.jpg
치즈소시지,"2500
",식품,200,130,9,2,20,330,0,2,https://tqklhszfkvzk6518638.cdn.ntruss.com/product/8801123310814.jpg
팔도비빔칩시그니처,"1500
",과자,80,398,6,18,53,611,0,2,https://tqklhszfkvzk6518638.cdn.ntruss.com/product/8809695256196.jpg
고기듬뿍김치제육볶음,"3900
",즉석요리,367,557,24,13,86,906,0,2,https://tqklhszfkvzk6518638.cdn.ntruss.com/product/8809802261013.jpg
사과젤리,"1300
",과자,500,185,0,0,46,190,0,2,https://tqklhszfkvzk6518638.cdn.ntruss.com/product/9555614201400.jpg
쫀득롤케익초코,"3500
",식품,140,495,7,28,53,370,0,2,https://tqklhszfkvzk6518638.cdn.ntruss.com/product/8809523621882.jpg
치즈볼,"500
",식품,1000,70,3,2.7,8,45,0,2,https://tqklhszfkvzk6518638.cdn.ntruss.com/product/2201148662541.jpg
참치가득유부초밥,"3700
",즉석요리,250,528,19,20,68,1207,0,2,https://tqklhszfkvzk6518638.cdn.ntruss.com/product/8809453263985.jpg
크랩가득유부초밥,"3700
",즉석요리,250,459,14,15,67,1082,0,2,https://tqklhszfkvzk6518638.cdn.ntruss.com/product/8809383954694.jpg
통계란샐러드콘감자,"2900
",즉석요리,162,415,10,37,10,610,0,2,https://tqklhszfkvzk6518638.cdn.ntruss.com/product/8805684003611.jpg
글레이즈드도넛,"1300
",식품,300,190,4,9,23,225,0,2,https://tqklhszfkvzk6518638.cdn.ntruss.com/product/2201148661872.jpg
A1스테이크치즈버거,"2800
",즉석요리,160,454,15,26,40,960,0,2,https://tqklhszfkvzk6518638.cdn.ntruss.com/product/8801068393101.jpg
쫀득한마카롱,"3400
",식품,72,298,3,16,45,35,0,2,https://tqklhszfkvzk6518638.cdn.ntruss.com/product/8809692951605.jpg
커브크로와상,"1200
",식품,350,236,5,12,27,305,0,2,https://tqklhszfkvzk6518638.cdn.ntruss.com/product/2200000113351.jpg
뉴욕스트립스테이크,"11900
",즉석요리,606,1213,62,89,47,3703,0,2,https://tqklhszfkvzk6518638.cdn.ntruss.com/product/8809558849701.jpg
우유카스테라,"2000
",식품,95,339,6,15,45,200,0,2,https://tqklhszfkvzk6518638.cdn.ntruss.com/product/8809273374229.jpg
타트체리,"1800
",음료,480,41,0,0,10,11,0,2,https://tqklhszfkvzk6518638.cdn.ntruss.com/product/8809350885730.jpg
포켓치킨데리야끼맛,"3900
",즉석요리,180,405,28,17,35,1060,0,2,https://tqklhszfkvzk6518638.cdn.ntruss.com/product/8809015225048.jpg
포켓치킨양념치킨맛,"3900
",즉석요리,180,485,23,26,40,960,0,2,https://tqklhszfkvzk6518638.cdn.ntruss.com/product/8809015225055.jpg
흑임자우유,"1800
",음료,750,63,2,2.6,8,55,0,2,https://tqklhszfkvzk6518638.cdn.ntruss.com/product/8809350881183.jpg
ABC주스,"1800
",음료,480,31,0,0,7,15,0,2,https://tqklhszfkvzk6518638.cdn.ntruss.com/product/8809350885631.jpg
블루베리,"3500
",식품,200,243,0,0,59,10,0,2,https://tqklhszfkvzk6518638.cdn.ntruss.com/product/8809572420368.jpg
크림치즈호두단팥빵,"1700
",식품,130,420,9,13,65,300,0,2,https://tqklhszfkvzk6518638.cdn.ntruss.com/product/8809273374052.jpg
통밤단팥빵,"1700
",식품,130,390,8,8,14,240,0,2,https://tqklhszfkvzk6518638.cdn.ntruss.com/product/8809273374045.jpg
한판모둠순대,"5500
",즉석요리,300,181,9,4.6,26,353,0,2,https://tqklhszfkvzk6518638.cdn.ntruss.com/product/8809266251452.jpg
단짝캔디,"1500
",과자,46,174,0,0,43,0,0,2,https://tqklhszfkvzk6518638.cdn.ntruss.com/product/8809555860631.jpg
닭가슴살샐러드,"3500
",식품,245,234,20,7,23,465,0,2,https://tqklhszfkvzk6518638.cdn.ntruss.com/product/8809148593823.jpg
트리플불고기치즈버거,"2700
",즉석요리,220,698,23,46,48,1660,0,2,https://tqklhszfkvzk6518638.cdn.ntruss.com/product/8801068381801.jpg
리얼플레이크바,"1500
",아이스크림,80,236,2,15,22,28,0,2,https://tqklhszfkvzk6518638.cdn.ntruss.com/product/8805584111744.jpg
오늘의야채퍼플,"2300
",음료,250,135,2,0,33,140,0,2,https://tqklhszfkvzk6518638.cdn.ntruss.com/product/8801128280433.jpg
쫀득롤케익플레인,"3500
",식품,140,465,8,25,52,300,0,2,https://tqklhszfkvzk6518638.cdn.ntruss.com/product/8809523620694.jpg
생초콜릿라떼,"2000
",음료,250,190,6,5.3,29,140,0,2,https://tqklhszfkvzk6518638.cdn.ntruss.com/product/8806371308644.jpg
ASMR매콤크림면,"3200
",즉석요리,290.5,510,12,11,91,930,0,2,https://tqklhszfkvzk6518638.cdn.ntruss.com/product/8809083705206.jpg
더블미니파운드,"1800
",식품,70,315,3,19,33,130,0,2,https://tqklhszfkvzk6518638.cdn.ntruss.com/product/8801068379129.jpg
벨기에초코와플,"2000
",과자,95,417,6,21,51,320,2+1,2,https://tqklhszfkvzk6518638.cdn.ntruss.com/product/8801068374292.jpg
옛날삼계탕,"10000
",즉석요리,900,875,0,0,0,1680,0,2,http://cdn2.bgfretail.com/bgfbrand/files/product/628684933D3746D8A04887AC0F12D8A3.jpg
치즈쿠키,"500
",과자,100,514,7,26,63,240,0,2,https://tqklhszfkvzk6518638.cdn.ntruss.com/product/2200000045775.jpg
쵸코칩쿠키,"400
",과자,50,279,5,16.8,27,154,0,2,https://tqklhszfkvzk6518638.cdn.ntruss.com/product/2200000015181.jpg
초코크로와상,"1500
",식품,4000,356,7.5,16.2,45,345,0,2,http://cdn2.bgfretail.com/bgfbrand/files/product/67110560213E4984A46FDA33E0820F98.jpg
시나몬롤,"1300
",식품,10880,267,5,7,46,370,0,2,https://tqklhszfkvzk6518638.cdn.ntruss.com/product/2200000056962.jpg
못말리는신짱,"1500
",과자,38,203,2,11,24,110,2+1,2,https://tqklhszfkvzk6518638.cdn.ntruss.com/product/8801111185066.jpg
촉촉한초코칩쿠키,"700
",과자,50,230,3,10,32,210,0,2,http://cdn2.bgfretail.com/bgfbrand/files/product/D64149D6221B415281C01D15A24B69BE.jpg
고구마파이,"1600
",식품,460,327,6,15,42,200,0,2,https://tqklhszfkvzk6518638.cdn.ntruss.com/product/2201148634524.jpg
콤비네이션피자,"7200
",식품,510,1290,65,36,178,1790,0,2,http://cdn2.bgfretail.com/bgfbrand/files/product/25A224F191354ADCBCEE1CA7E0A53681.jpg
불고기피자,"7200
",식품,410,985,46,32,128,2070,0,2,http://cdn2.bgfretail.com/bgfbrand/files/product/EEA9BC897E0C4905AE903B1FC2F48C0D.jpg
수박우유,"1,750",음료,300,165,6,2.6,29,85,2+1,3,https://www.7-eleven.co.kr/upload/product/8801189/203884.1.jpg
요플레프로틴플레인,"3,200",음료,100,105,10.4,2.5,10,80,2+1,3,https://www.7-eleven.co.kr/upload/product/8801104/666626.1.jpg
요플레프로틴딸기바나나,"3,200",음료,630,215,17,3.3,29,120,2+1,3,https://www.7-eleven.co.kr/upload/product/8801104/666640.1.jpg
구이한판,"3,300",식품,60,145,7,12,2,430,2+1,3,https://www.7-eleven.co.kr/upload/product/8801007/918310.1.jpg
맥스봉,"2,200",식품,1080,45,3,2.4,3,170,2+1,3,https://www.7-eleven.co.kr/upload/product/8801007/046495.1.jpg
새송이쇠고기죽,"4,500",즉석요리,285,160,6,3.5,26,620,2+1,3,https://www.7-eleven.co.kr/upload/product/8801045/303017.1.jpg
마운틴듀,"1,700",음료,1500,48,0,0,12,2,2+1,3,https://www.7-eleven.co.kr/upload/product/8801056/716011.1.jpg
데미소다애플,"1,600",음료,250,100,0,0,25,0,2+1,3,https://www.7-eleven.co.kr/upload/product/8801097/160064.1.jpg
칸타타아메리카노,"1,500",음료,275,50,0.7,0,12,130,2+1,3,https://www.7-eleven.co.kr/upload/product/8801056/048150.1.jpg
칸타타프리미엄라떼,"1,500",음료,275,120,3,1.5,24,155,2+1,3,https://www.7-eleven.co.kr/upload/product/8801056/048129.1.jpg
비타파워,"1,000",음료,100,40,0,0,10,10,2+1,3,https://www.7-eleven.co.kr/upload/product/8801056/005795.1.jpg
환타오렌지,"1,500",음료,600,326,0,0,0,19,2+1,3,https://www.7-eleven.co.kr/upload/product/8801094/113209.1.jpg
밀키스,"1,700",음료,340,170,0,0,42,22,2+1,3,https://www.7-eleven.co.kr/upload/product/8801056/043551.1.jpg
깨수깡,"5,000",음료,160,85,0,0,21,15,2+1,3,https://www.7-eleven.co.kr/upload/product/8801056/104641.1.jpg
데미소다청포도,"1,600",음료,250,85,0,0,21,80,2+1,3,https://www.7-eleven.co.kr/upload/product/8801097/168800.1.jpg
아침에주스사과,"2,500",음료,950,50,0,0,13,5,2+1,3,https://www.7-eleven.co.kr/upload/product/8801115/334286.1.jpg
스프라이트제로,"2,000",음료,355,0,0,0,0.7,11,2+1,3,https://www.7-eleven.co.kr/upload/product/8801094/962104.1.jpg
테이크얼라이브스위티자몽,"2,500",음료,120,55,0,0.8,12,30,2+1,3,https://www.7-eleven.co.kr/upload/product/8801155/740054.1.jpg
부르르제로사이다,"1,200",음료,250,0,0,0,1,7,2+1,3,https://www.7-eleven.co.kr/upload/product/8801223/010485.1.jpg
궁중꿀약과,"6,900",과자,1500,142,2,6,20,40,2+1,3,https://www.7-eleven.co.kr/upload/product/8801068/407600.1.jpg
파워캡레드피치,"1,800",아이스크림,120,91.67,0,0.83,20.83,25,2+1,3,https://www.7-eleven.co.kr/upload/product/8801104/673860.1.jpg
불고기치즈부리또,"3,200",즉석요리,115,287,15,11,32,850,2+1,3,https://www.7-eleven.co.kr/upload/product/8801068/374803.1.jpg
슈퍼슈프림치즈부리또,"3,200",즉석요리,120,351,16,19,29,990,2+1,3,https://www.7-eleven.co.kr/upload/product/8801068/376715.1.jpg
오레오밀크스낵,"2,000",과자,30,153,1.6,10,14,90,2+1,3,https://www.7-eleven.co.kr/upload/product/0000090/441028.1.jpg
아임리얼토마토,"3,700",음료,700,40,0.7,0,9,0,2+1,3,https://www.7-eleven.co.kr/upload/product/8801114/117453.1.jpg
따옴오렌지,"2,200",음료,730,45,0.7,0.4,10,15,2+1,3,https://www.7-eleven.co.kr/upload/product/8801104/500623.1.jpg
따옴사과,"2,200",음료,730,45,0,0,11,15,2+1,3,https://www.7-eleven.co.kr/upload/product/8801104/500647.1.jpg
요구하이,"1,100",음료,145,80,2,0,18,30,2+1,3,https://www.7-eleven.co.kr/upload/product/8801207/141228.1.jpg
초코에몽,"1,600",음료,180,175,5,6,25,75,2+1,3,https://www.7-eleven.co.kr/upload/product/8801069/185194.1.jpg
썬업오렌지,"1,200",음료,200,96,1,0.4,22,10,2+1,3,https://www.7-eleven.co.kr/upload/product/8801121/764497.1.jpg
닥터캡슐플레인,"2,100",음료,130,184.82,6.43,3.53,32.15,128.57,2+1,3,https://www.7-eleven.co.kr/upload/product/8801104/302739.1.jpg
다방커피오리지널,"2,000",음료,250,245,1,10,38,170,2+1,3,https://www.7-eleven.co.kr/upload/product/8801155/721695.1.jpg
다방커피헤이즐넛,"2,000",음료,250,245,1,10,38,170,2+1,3,https://www.7-eleven.co.kr/upload/product/8801155/721701.1.jpg
유기농야채사랑,"1,650",음료,190,85,2,0,19,70,2+1,3,https://www.7-eleven.co.kr/upload/product/8801189/201767.1.jpg
초코타임,"1,800",음료,200,153,3.2,4,26,110,2+1,3,https://www.7-eleven.co.kr/upload/product/8801104/307192.1.jpg
딸기타임,"1,800",음료,200,115,3.2,2,21,75,2+1,3,https://www.7-eleven.co.kr/upload/product/8801104/307185.1.jpg
썬업사과,"1,200",음료,200,93,0.2,0,23,10,2+1,3,https://www.7-eleven.co.kr/upload/product/8801121/764510.1.jpg
비요뜨초코팝,"1,800",음료,143,220,7,8,30,80,2+1,3,https://www.7-eleven.co.kr/upload/product/8801115/213703.1.jpg
비요뜨그래놀라,"1,800",음료,282,195,7,7,26,100,2+1,3,https://www.7-eleven.co.kr/upload/product/8801115/213802.1.jpg
미숫가루우유,"1,700",음료,300,200,7,4.3,33,85,2+1,3,https://www.7-eleven.co.kr/upload/product/8801189/205338.1.jpg
스트로베리요거트,"2,300",음료,180,175,4.5,5.3,27,75,2+1,3,https://www.7-eleven.co.kr/upload/product/8801753/110976.1.jpg
비요뜨초코링,"1,800",음료,286,205,6,8,27,100,2+1,3,https://www.7-eleven.co.kr/upload/product/8801115/212713.1.jpg
오리지널후랑크,"2,500",식품,500,285,12,25,3,700,2+1,3,https://www.7-eleven.co.kr/upload/product/8801077/684009.1.jpg
휠터치커플,"3,600",식품,160,240,11,14,17,600,2+1,3,https://www.7-eleven.co.kr/upload/product/8801066/011588.1.jpg
크런키,"1,200",과자,34,185,3,11,20,35,2+1,3,https://www.7-eleven.co.kr/upload/product/8801062/628476.1.jpg
가나초코바,"1,000",과자,50,240,5,12,28,45,2+1,3,https://www.7-eleven.co.kr/upload/product/8801062/628773.1.jpg
땅콩강정,"1,500",과자,80,373,8,13,56,220,2+1,3,https://www.7-eleven.co.kr/upload/product/8801117/761806.1.jpg
가나마일드,"1,200",과자,70,390,6,24,38,45,2+1,3,https://www.7-eleven.co.kr/upload/product/8801062/636884.1.jpg
가나밀크,"2,400",과자,70,390,6,23,38,55,2+1,3,https://www.7-eleven.co.kr/upload/product/8801062/636846.1.jpg
땅콩캬라멜,"2,000",과자,350,419,4,11,76,140,2+1,3,https://www.7-eleven.co.kr/upload/product/8801111/912075.1.jpg
생미쉘빨레뜨,"3,900",과자,150,511,6,27,61,500,2+1,3,https://www.7-eleven.co.kr/upload/product/3023470/020016.1.jpg
롯데샌드,"1,600",과자,52,275,2,15,33,105,2+1,3,https://www.7-eleven.co.kr/upload/product/8801062/870509.1.jpg
빠다코코낫,"1,600",과자,300,255,3,11,35,130,2+1,3,https://www.7-eleven.co.kr/upload/product/8801062/870462.1.jpg
제크,"1,600",과자,100,255,3,12,33,540,2+1,3,https://www.7-eleven.co.kr/upload/product/8801062/870448.1.jpg
리츠크래커,"1,800",과자,100,475,7.7,20.2,65.5,388,2+1,3,https://www.7-eleven.co.kr/upload/product/8801037/091519.1.jpg
오예스,"6,000",과자,336,140,2,8,15,70,2+1,3,https://www.7-eleven.co.kr/upload/product/8801019/313219.1.jpg
구미당기는구미,"1,200",과자,195,50,0.9,0,11,5,2+1,3,https://www.7-eleven.co.kr/upload/product/8801062/898862.1.jpg
후렌치파이사과,"4,200",과자,192,65,1,3,8,30,2+1,3,https://www.7-eleven.co.kr/upload/product/8801019/307140.1.jpg
오예스쿠키앤크림,"6,000",과자,360,150,2,9,15,55,2+1,3,https://www.7-eleven.co.kr/upload/product/8801019/314667.1.jpg
수박모양젤리,"1,000",과자,2000,340,4.4,0.2,80,120,2+1,3,https://www.7-eleven.co.kr/upload/product/8809355/829302.1.jpg
오징어짬뽕큰사발,"1,800",식품,115,525,9,19,79,1590,2+1,3,https://www.7-eleven.co.kr/upload/product/8801043/016117.1.jpg
신라면블랙사발,"1,800",식품,101,445,9,15,68,1530,2+1,3,https://www.7-eleven.co.kr/upload/product/8801043/041447.1.jpg
육개장사발면,"1,000",식품,86,375,7,15,53,1590,2+1,3,https://www.7-eleven.co.kr/upload/product/8801045/702643.1.jpg
멸치쌀국수,"2,600",즉석요리,92,320,9,2,67,1530,2+1,3,https://www.7-eleven.co.kr/upload/product/8801024/955039.1.jpg
로제스파게티,"4,700",즉석요리,300,549,12,19,82,330,2+1,3,https://www.7-eleven.co.kr/upload/product/8801118/005824.1.jpg
비비고스팸부대찌개,"7,900",즉석요리,460,310,18,20,15,2070,2+1,3,https://www.7-eleven.co.kr/upload/product/8801007/528618.1.jpg
비비고차돌된장찌개,"7,900",즉석요리,460,240,18,6,28,2110,2+1,3,https://www.7-eleven.co.kr/upload/product/8801007/737089.1.jpg
옛날사골곰탕,"2,500",즉석요리,500,55,9,2.3,0,980,2+1,3,https://www.7-eleven.co.kr/upload/product/8801045/290102.1.jpg
부산식돼지국밥곰탕,"7,800",즉석요리,500,290,21,23,0,1250,2+1,3,https://www.7-eleven.co.kr/upload/product/8801045/290966.1.jpg
비비고돼지고기김치찌개,"7,900",즉석요리,460,240,24,8,18,2080,2+1,3,https://www.7-eleven.co.kr/upload/product/8801007/761749.1.jpg
카레컵밥,"4,800",즉석요리,310,360,11,2.4,73,490,2+1,3,https://www.7-eleven.co.kr/upload/product/8801045/725529.1.jpg
햇반발아현미밥,"7,200",즉석요리,210,290,5,0.9,66,20,2+1,3,https://www.7-eleven.co.kr/upload/product/8801007/216294.1.jpg
햇반흑미밥,"7,200",즉석요리,210,310,6,0.7,70,10,2+1,3,https://www.7-eleven.co.kr/upload/product/8801007/216317.1.jpg
비비고소고기장터국,"5,900",즉석요리,500,115,10,4.1,10,1990,2+1,3,https://www.7-eleven.co.kr/upload/product/8801007/628851.1.jpg
비비빅,"1,500",아이스크림,70,135,2.3,1.3,28,65,2+1,3,https://www.7-eleven.co.kr/upload/product/8801104/123181.1.jpg
구구콘,"2,200",아이스크림,160,305,4,14,40,50,2+1,3,https://www.7-eleven.co.kr/upload/product/8801118/250606.1.jpg
녹차,"1,200",아이스크림,100,145,2.3,3.3,27,60,2+1,3,https://www.7-eleven.co.kr/upload/product/8801047/283447.1.jpg
자연은알로에,"2,150",음료,340,130,0,0,33,25,2+1,3,https://www.7-eleven.co.kr/upload/product/8801382/127789.1.jpg
헛개컨디션,"5,000",음료,100,60,2,0,13,45,2+1,3,https://www.7-eleven.co.kr/upload/product/8801007/071046.1.jpg
나랑드사이다,"1,400",음료,500,0,0,0,0,90,2+1,3,https://www.7-eleven.co.kr/upload/product/8801097/135215.1.jpg
칸타타카라멜마키아토,"2,500",음료,275,130,4,2,24,170,2+1,3,https://www.7-eleven.co.kr/upload/product/8801056/051921.1.jpg
게토레이블루볼트,"2,100",음료,1500,24,0,0,6,45,2+1,3,https://www.7-eleven.co.kr/upload/product/8801056/052218.1.jpg
오미자차,"2,200",생활 용품,200,40,0,0,10,10,2+1,3,https://www.7-eleven.co.kr/upload/product/8801047/289685.1.jpg
초록매실마일드,"2,150",음료,500,140,0,0.6,34,25,2+1,3,https://www.7-eleven.co.kr/upload/product/8801382/146544.1.jpg
옐로우스무디,"2,200",음료,350,205,1,1,48,120,2+1,3,https://www.7-eleven.co.kr/upload/product/8809041/429120.1.jpg
스프라이트,"1,700",음료,1000,44,0,0,11,9,2+1,3,https://www.7-eleven.co.kr/upload/product/8801094/203207.1.jpg
그린스무디,"2,200",음료,500,500,0,43,10,195,2+1,3,https://www.7-eleven.co.kr/upload/product/8809041/429007.1.jpg
아침에주스포도,"2,500",음료,950,60,0.7,0,15,15,2+1,3,https://www.7-eleven.co.kr/upload/product/8801115/334309.1.jpg
빠삐코,"1,500",아이스크림,780,160,2,4.7,28,25,2+1,3,https://www.7-eleven.co.kr/upload/product/8801118/250996.1.jpg
바밤바,"1,500",아이스크림,63,95,1,2.5,17,20,2+1,3,https://www.7-eleven.co.kr/upload/product/8809713/220055.1.jpg
메로나망고,"1,500",아이스크림,75,120,1,4,20,45,2+1,3,https://www.7-eleven.co.kr/upload/product/8801104/123808.1.jpg
더블비얀코,"2,200",아이스크림,195,195,2,7,33,30,2+1,3,https://www.7-eleven.co.kr/upload/product/8801062/623488.1.jpg
허쉬쿠키앤크림바,"2,500",아이스크림,90,280,3,18,27,72,2+1,3,https://www.7-eleven.co.kr/upload/product/8809490/180016.1.jpg
매일우유소프트콘,"2,200",아이스크림,185,190,4,8,26,100,2+1,3,https://www.7-eleven.co.kr/upload/product/8801062/017065.1.jpg
일품팥빙수,"3,000",아이스크림,240,280,4.8,0.7,63,35,2+1,3,https://www.7-eleven.co.kr/upload/product/8801062/002504.1.jpg
떡붕어싸만코,"2,200",아이스크림,750,220,2,7,37,80,2+1,3,https://www.7-eleven.co.kr/upload/product/8801104/306928.1.jpg
부드러운빵또아,"2,200",아이스크림,180,200,3,6,34,150,2+1,3,https://www.7-eleven.co.kr/upload/product/8801104/307048.1.jpg
월드콘초코,"2,200",아이스크림,160,300,3,15,38,60,2+1,3,https://www.7-eleven.co.kr/upload/product/8801062/889747.1.jpg
찰떡아이스하트딸기,"2,200",아이스크림,90,170,2,3,33,35,2+1,3,https://www.7-eleven.co.kr/upload/product/8801062/884902.1.jpg
흰우유아이스크림,"10,800",아이스크림,100,165,3,9,18,40,2+1,3,https://www.7-eleven.co.kr/upload/product/8801115/720010.1.jpg
초콜릿우유아이스크림,"10,800",아이스크림,100,155,3,8,18,50,2+1,3,https://www.7-eleven.co.kr/upload/product/8801115/720041.1.jpg
더블비얀코베리베리,"2,200",아이스크림,185,180,2,4.6,33,55,2+1,3,https://www.7-eleven.co.kr/upload/product/8801062/876150.1.jpg
초코붕어싸만코,"2,200",아이스크림,150,210,2,7,35,80,2+1,3,https://www.7-eleven.co.kr/upload/product/8801104/666404.1.jpg
팥빙수,"3,000",아이스크림,280,109,2,1,22,24,2+1,3,https://www.7-eleven.co.kr/upload/product/8805584/224352.1.jpg
허쉬녹차초코바,"2,500",아이스크림,90,256,2,15,27,32,2+1,3,https://www.7-eleven.co.kr/upload/product/8809490/180634.1.jpg
군고구마바,"1,500",아이스크림,75,80,1,2.9,12,30,2+1,3,https://www.7-eleven.co.kr/upload/product/8801206/002018.1.jpg
허쉬딸기초코바,"2,500",아이스크림,85,224,2,12,26,33,2+1,3,https://www.7-eleven.co.kr/upload/product/8809490/180658.1.jpg
세부망고빙수,"3,000",아이스크림,280,108,1,2,21,21,2+1,3,https://www.7-eleven.co.kr/upload/product/8805584/224680.1.jpg
스팸클래식,"8,200",식품,340,305,14,27,2,1100,2+1,3,https://www.7-eleven.co.kr/upload/product/8801007/512235.1.jpg
3분햄버그스테이크,"2,800",즉석요리,140,210,15,7,22,620,2+1,3,https://www.7-eleven.co.kr/upload/product/8801045/295206.1.jpg
빅핫도그,"3,000",식품,140,375,13,19,38,610,2+1,3,https://www.7-eleven.co.kr/upload/product/8801123/725694.1.jpg
비비고깍두기볶음밥,"3,900",즉석요리,402,330,8,10,52,620,2+1,3,https://www.7-eleven.co.kr/upload/product/8801007/495620.1.jpg
크림새우,"9,500",즉석요리,130,95,6,4.6,8,105,2+1,3,https://www.7-eleven.co.kr/upload/product/8801045/931623.1.jpg
고추짜장면,"4,500",즉석요리,360,405,14,2.6,81,1170,2+1,3,https://www.7-eleven.co.kr/upload/product/8801284/274574.1.jpg
구운양파,"1,700",과자,70,425,4,31,32,440,2+1,3,https://www.7-eleven.co.kr/upload/product/8801019/611049.1.jpg
트롤리애플향링스,"2,500",과자,100,334,4.4,0,79,100,2+1,3,https://www.7-eleven.co.kr/upload/product/8437000/482048.1.jpg
트롤리피치향링스,"2,500",과자,100,330,4.4,0,78,100,2+1,3,https://www.7-eleven.co.kr/upload/product/8437000/482055.1.jpg
쌀강정,"1,700",과자,380,434,3,7,65,60,2+1,3,https://www.7-eleven.co.kr/front/img/product/product_list_01.jpg
메로나바나나,"1,500",아이스크림,75,115,1.9,3.1,20,65,2+1,3,https://www.7-eleven.co.kr/front/img/product/product_list_01.jpg
사과주스,"1,200",음료,1000,45,0,0,11,0,1+1,4,https://www.emart24.co.kr/image/NDQwODE=
오렌지주스,"1,200",음료,1000,45,0.8,0,11,0,1+1,4,https://www.emart24.co.kr/image/NDQwOTQ=
레몬아이스티,"1,200",음료,330,112,0.3,0.3,27,10,1+1,4,https://www.emart24.co.kr/image/NDQxNTI=
곤약젤리복숭아,"2,000",과자,130,11,0,0,13,85,1+1,4,https://www.emart24.co.kr/image/NDQxNTQ=
생생톤UP,"1,500",음료,120,53,0,0,13,40,1+1,4,https://www.emart24.co.kr/image/NDQwNjQ=
빅토리아레몬,"1,800",음료,500,0,0,0,0,0,1+1,4,https://www.emart24.co.kr/image/NDQwMTg=
빅토리아청포도,"1,800",음료,500,0,0,0,0,0,1+1,4,https://www.emart24.co.kr/image/NDQwMjA=
안동식쇠고기국밥,"7,800",즉석요리,500,115,10,2,14,1500,2+1,4,https://www.emart24.co.kr/image/NDU0Mjk=
비비고미역국,"5,900",즉석요리,250,60,3,3.6,4,710,2+1,4,https://www.emart24.co.kr/image/NDUzNTU=
햇반매일찰잡곡밥,"7,200",즉석요리,210,320,5,1.3,72,5,2+1,4,https://www.emart24.co.kr/image/NDUzNTc=
햇반현미쌀밥,"2,900",즉석요리,210,305,6,1.1,68,5,2+1,4,https://www.emart24.co.kr/image/NDUzMTI=
사골시래기된장국,"5,900",즉석요리,450,105,9,3.7,9,2040,2+1,4,https://www.emart24.co.kr/image/NDUzNTE=
달콤한강냉이스낵,"1,700",과자,70,320,4,6,58,80,2+1,4,https://www.emart24.co.kr/image/NDUyOTU=
티포에그쿠키,"2,500",과자,90,465,8.1,22.5,57.6,258.3,2+1,4,https://www.emart24.co.kr/image/NDUyNzI=
감자크래커,"1,500",과자,400,175,2,9.3,20.5,115,2+1,4,https://www.emart24.co.kr/image/NDUyOTk=
양파크래커,"1,500",과자,400,185,2.4,11.56,18,106.6,2+1,4,https://www.emart24.co.kr/image/NDUyOTc=
쥬페르치즈크래커,"1,800",과자,138,695,9.6,34.8,86.4,684.6,2+1,4,https://www.emart24.co.kr/image/NDUyNzQ=
말키스트카푸치노크래커,"1,800",과자,115,63,1,3,8,53,2+1,4,https://www.emart24.co.kr/image/NDUyNzA=
치즈샌드위치,"2,600",식품,60,276,7,17,4,230,2+1,4,https://www.emart24.co.kr/image/NDUyNzE=
에이스,"1,700",과자,436,130,2,7,15,120,2+1,4,https://www.emart24.co.kr/image/NDUyMzc=
후렌치파이딸기,"4,200",과자,192,130,1,6,16,60,2+1,4,https://www.emart24.co.kr/image/NDUyMzU=
오예스미니,"3,600",과자,192,145,2,8,16,95,2+1,4,https://www.emart24.co.kr/image/NDUyMzQ=
맛동산,"3,200",과자,85,430,7,21,53,55,2+1,4,https://www.emart24.co.kr/image/NDUyMzM=
치즈샌드,"2,200",과자,60,302,4,14,40,330,2+1,4,https://www.emart24.co.kr/image/NDUyMjg=
민트초코,"2,000",아이스크림,750,182,3,8,25,55,2+1,4,https://www.emart24.co.kr/image/NDUyMjc=
꼬깔콘고소한맛,"3,400",과자,72,410,4,25,43,350,2+1,4,https://www.emart24.co.kr/image/NDUyNTk=
꼬깔콘군옥수수맛,"3,400",과자,72,410,4,25,42,310,2+1,4,https://www.emart24.co.kr/image/NDUyNjA=
꼬깔콘매콤달콤한맛,"3,400",과자,72,410,4,25,42,420,2+1,4,https://www.emart24.co.kr/image/NDUyNjE=
도리토스갈비천왕치킨맛,"1,700",과자,84,435,6,21,55,430,2+1,4,https://www.emart24.co.kr/image/NDUyNjU=
치토스매콤달콤한맛,"3,400",과자,82,475,6,28,50,310,2+1,4,https://www.emart24.co.kr/image/NDUyNjQ=
크런키더블크런치바,"1,000",과자,500,105,2,6,11,20,2+1,4,https://www.emart24.co.kr/image/NDUxODg=
빈츠카페모카,"2,800",과자,102,45,0.7,2.3,5,15,2+1,4,https://www.emart24.co.kr/image/NDUyNTY=
버터와플,"3,000",과자,180,160,1.7,8,20,90,2+1,4,https://www.emart24.co.kr/image/NDUyNDU=
데니쉬버터쿠키,"2,500",과자,454,509,6,25,65,115,2+1,4,https://www.emart24.co.kr/image/NDUyNTM=
ABC초코쿠키,"1,200",과자,50,265,3.45,15,30,95,2+1,4,https://www.emart24.co.kr/image/NDUxODQ=
투유우유초콜릿,"1,500",과자,60,341,5,21,33,40,2+1,4,https://www.emart24.co.kr/image/NDUxNzE=
화이트엔젤큐티,"1,500",과자,27,165,2,11,14,20,2+1,4,https://www.emart24.co.kr/image/NDUxMTc=
비비고칩스위트콘,"3,900",과자,40,240,1,18,19,170,2+1,4,https://www.emart24.co.kr/image/NDUwNTg=
비비고칩오리지널,"3,900",과자,40,240,1,18,19,270,2+1,4,https://www.emart24.co.kr/image/NDUwNTc=
고향만두,"5,500",즉석요리,2000,230,10,11,23,340,2+1,4,https://www.emart24.co.kr/image/NDQ5NzQ=
찹쌀김부각,"2,500",과자,150,155,3,8,17,190,2+1,4,https://www.emart24.co.kr/image/NDUwMTY=
오감포차크림새우,"9,500",즉석요리,180,555,12,41,34,960,2+1,4,https://www.emart24.co.kr/image/NDQ5NjE=
오감포차칠리새우,"9,500",즉석요리,200,460,13,22,53,800,2+1,4,https://www.emart24.co.kr/image/NDQ5NjM=
오감포차새우감바스,"9,500",즉석요리,200,420,13,16,13,800,2+1,4,https://www.emart24.co.kr/image/NDQ5NjQ=
매콤닭강정,"7,400",즉석요리,220,354,18,19,28,960,2+1,4,https://www.emart24.co.kr/image/NDQ5NTU=
바질페스토파스타,"4,900",즉석요리,225,415,10,13,64,520,2+1,4,https://www.emart24.co.kr/image/NDQ5NTY=
뽀모도로스파게티,"4,900",즉석요리,300,382,9,6,73,920,2+1,4,https://www.emart24.co.kr/image/NDQ5NTQ=
쁘띠첼요거젤리딸기,"2,900",과자,210,216,0,8,36,70,2+1,4,https://www.emart24.co.kr/image/NDQ5MjY=
쁘띠첼요거젤리복숭아,"2,900",과자,210,215,0,9,34,75,2+1,4,https://www.emart24.co.kr/image/NDQ5MjU=
쁘띠첼요거젤리블루베리,"2,900",과자,210,245,0,10,39,65,2+1,4,https://www.emart24.co.kr/image/NDQ5MjQ=
수비드닭가슴살오리지널,"4,500",식품,100,30,7,0,0,120,2+1,4,https://www.emart24.co.kr/image/NDQ5MDQ=
보양삼계죽,"4,700",즉석요리,200,145,6,2.2,25,800,2+1,4,https://www.emart24.co.kr/image/NDQ5MDM=
야채죽,"4,700",즉석요리,400,60,1,0.6,13,144,2+1,4,https://www.emart24.co.kr/image/NDQ5MDE=
장칼국수,"3,800",식품,439,510,15,3.1,107,2490,2+1,4,https://www.emart24.co.kr/image/NDQ4Nzg=
불가리스사과,"1,800",음료,150,105,4,3,16,60,2+1,4,https://www.emart24.co.kr/image/NDQ3ODk=
아카페라카라멜마끼아또,"2,000",음료,240,140,3.5,4,23,120,2+1,4,https://www.emart24.co.kr/image/NDQ4MTI=
쥬시쿨사과에이드,"1,700",음료,250,120,0,0,30,15,2+1,4,https://www.emart24.co.kr/image/NDQ4MzI=
초코꿀딴지,"1,300",음료,180,170,4.7,5.4,26,90,2+1,4,https://www.emart24.co.kr/image/NDQ3Nzk=
딸기꿀딴지,"1,300",음료,180,145,4,4.7,22,80,2+1,4,https://www.emart24.co.kr/image/NDQ3Nzg=
우유속에딸기과즙,"1,800",음료,300,225,6,14,10,7,2+1,4,https://www.emart24.co.kr/image/NDQ4NDg=
미트볼그라탕,"6900
",즉석요리,160,260,10,13,25,480,0,5,https://tqklhszfkvzk6518638.cdn.ntruss.com/product/8801771028918.jpg
시저샐러드,"6600
",즉석요리,200,261,11,15,21,385,0,5,https://tqklhszfkvzk6518638.cdn.ntruss.com/product/8809665560476.jpg
고구마빵,"2000
",식품,80,301.03,7.56,7.15,51.61,84.81,0,5,https://tqklhszfkvzk6518638.cdn.ntruss.com/product/2201148668338.jpg
초콜릿푸딩,"2500
",과자,100,200,5,0,0,55,0,5,https://tqklhszfkvzk6518638.cdn.ntruss.com/product/8809036814207.jpg
밀카스트로베리,"3200
",과자,100,552,4.6,34,57,190,0,5,https://tqklhszfkvzk6518638.cdn.ntruss.com/product/7622300498429.jpg
쇼콜라크레이프,"3800
",식품,650,334,5,22,29,95,0,5,https://tqklhszfkvzk6518638.cdn.ntruss.com/product/8809844301050.jpg
명가찰떡파이,"6600
",과자,375,140,0.9,3.8,26,105,0,5,https://tqklhszfkvzk6518638.cdn.ntruss.com/product/8801062644049.jpg
오트밀미니바이트,"11900
",과자,1000,5116,72,252,640,4300,0,5,https://tqklhszfkvzk6518638.cdn.ntruss.com/product/8809256677163.jpg
미니꿀약과,"1000
",과자,200,517,6,29,58,110,0,5,https://tqklhszfkvzk6518638.cdn.ntruss.com/product/8801068407501.jpg
초코파이,"5400
",과자,336,120,1,4.8,18,65,2+1,5,https://tqklhszfkvzk6518638.cdn.ntruss.com/product/8801062862641.jpg
해씨초콜릿,"1200
",과자,30,162,3,9,17,16,0,5,https://tqklhszfkvzk6518638.cdn.ntruss.com/product/8809271410707.jpg
참깨스틱,"2000
",과자,98,460,5,18,72,66,0,5,https://tqklhszfkvzk6518638.cdn.ntruss.com/product/8801204009330.jpg
옥수수브이콘,"1000
",과자,50,240,2,8,38,160,0,5,https://tqklhszfkvzk6518638.cdn.ntruss.com/product/8802280004080.jpg
크레용신짱미니츄잉,"1000
",식품,16,65,0,0.8,14.6,3.5,0,5,https://tqklhszfkvzk6518638.cdn.ntruss.com/product/8809469910361.jpg
복숭아젤리,"1500
",과자,90,80,0,0,19,10,0,5,https://tqklhszfkvzk6518638.cdn.ntruss.com/product/8809535031594.jpg
포키블루베리,"1700
",과자,41,205,3,8,30,110,0,5,https://tqklhszfkvzk6518638.cdn.ntruss.com/product/8801019311345.jpg
포키딸기,"1700
",과자,41,200,3,8,29,120,0,5,https://tqklhszfkvzk6518638.cdn.ntruss.com/product/8801019310928.jpg
롯데샌드깜뜨,"1700
",과자,105,225,2,12,35,170,2+1,5,https://tqklhszfkvzk6518638.cdn.ntruss.com/product/8801062870486.jpg
달콤허니빵,"1500
",식품,90,270,4,4.7,53,370,0,5,https://tqklhszfkvzk6518638.cdn.ntruss.com/product/8801062712878.jpg
자가비짭짤한맛,"2000
",과자,90,175,2,12,15,260,2+1,5,https://tqklhszfkvzk6518638.cdn.ntruss.com/product/8801019607912.jpg
곤약젤리청포도,"1900
",과자,130,11,0,0,13,85,0,5,https://tqklhszfkvzk6518638.cdn.ntruss.com/product/8809403535216.jpg
피카츄러스,"900
",과자,480,125,1,9,9,25,0,5,https://tqklhszfkvzk6518638.cdn.ntruss.com/product/8809394830376.jpg
스위티혼당패스트리,"1600
",식품,80,382,5,18,50,430,0,5,https://tqklhszfkvzk6518638.cdn.ntruss.com/product/8809140571225.jpg
호박꿀맛나,"1500
",식품,100,325,7,2.7,69,250,0,5,https://tqklhszfkvzk6518638.cdn.ntruss.com/product/8802896000780.jpg
츄파춥스사워벨트,"1700
",과자,256,386,2.2,1.9,89.8,13.3,2+1,5,https://tqklhszfkvzk6518638.cdn.ntruss.com/product/8935001714774.jpg
초코렐라,"2800
",과자,132,489,5,29,52,230,0,5,https://tqklhszfkvzk6518638.cdn.ntruss.com/product/8801111943024.jpg
고단백질초코바,"1500
",식품,32,127,6,3,19,80,0,5,https://tqklhszfkvzk6518638.cdn.ntruss.com/product/8801111930314.jpg
그레이스,"1300
",과자,85,105,2,5,14,85,0,5,https://tqklhszfkvzk6518638.cdn.ntruss.com/product/8801111183253.jpg
초코시나몬크래커,"2500
",과자,45,199,5.4,7,31,265,0,5,https://tqklhszfkvzk6518638.cdn.ntruss.com/product/8809600020416.jpg
반두아코코넛델리,"2500
",과자,150,714,6,26,114,0,0,5,https://tqklhszfkvzk6518638.cdn.ntruss.com/product/8938512011035.jpg
더탱글마이구미,"1200
",과자,372.4,31,0.7,0.1,7,2,0,5,https://tqklhszfkvzk6518638.cdn.ntruss.com/product/8801117361006.jpg
마가렛트,"3300
",과자,352,112,1.5,6,13,80,0,5,https://tqklhszfkvzk6518638.cdn.ntruss.com/product/8801062873418.jpg
킷캣미니,"2700
",과자,6680,500,8,27,58,60,0,5,https://tqklhszfkvzk6518638.cdn.ntruss.com/product/8809415435214.jpg
크로플,"1500
",식품,200,100,2,2.3,12,105,0,5,https://tqklhszfkvzk6518638.cdn.ntruss.com/product/8801111947435.jpg
린도볼밀크,"2300
",과자,200,625,4.8,47.1,46.2,73,0,5,https://tqklhszfkvzk6518638.cdn.ntruss.com/product/7610400039796.jpg
린도볼어쏘티드,"3000
",과자,200,470,3.6,35.3,34.7,54.8,0,5,https://tqklhszfkvzk6518638.cdn.ntruss.com/product/4894475100732.jpg
카스타드,"3500
",식품,276,102,1,6,11,40,0,5,https://tqklhszfkvzk6518638.cdn.ntruss.com/product/8801062518258.jpg
야채크래커,"1700
",과자,249,145,2,7,18,180,0,5,https://tqklhszfkvzk6518638.cdn.ntruss.com/product/8801062870424_W.jpg
하비스트달콤고소,"1700
",과자,100,515,6,25,67,350,0,5,https://tqklhszfkvzk6518638.cdn.ntruss.com/product/8801062870400_W.jpg
삼거리캔디,"2000
",과자,21,78,0,0,20,0,0,5,https://tqklhszfkvzk6518638.cdn.ntruss.com/product/8809410070304_W.jpg
팔머초콜릿,"1500
",과자,50,275,2,15,33,30,0,5,https://tqklhszfkvzk6518638.cdn.ntruss.com/product/8809256677972.jpg
딸기웨하스,"1000
",과자,50,250,3,11,34,85,0,5,https://tqklhszfkvzk6518638.cdn.ntruss.com/product/8801019307096.jpg
크림웨하스,"1000
",과자,56,255,3,12,34,95,0,5,https://tqklhszfkvzk6518638.cdn.ntruss.com/product/8801019307089.jpg
하리보다이노스,"2000
",과자,200,333,6.3,0,77,36,0,5,https://tqklhszfkvzk6518638.cdn.ntruss.com/product/8691216096134.jpg
오잉포차꾸이오잉칩,"1700
",과자,100,530,12,27,60,770,0,5,https://tqklhszfkvzk6518638.cdn.ntruss.com/product/8801062872947.jpg
하리보피치컵,"3800
",과자,175,337,6,0.1,78,30,0,5,https://tqklhszfkvzk6518638.cdn.ntruss.com/product/8691216096219.jpg
틱톡젤리포도,"3000
",과자,170,40,0,0,10,15,0,5,https://tqklhszfkvzk6518638.cdn.ntruss.com/product/8809714120699.jpg
츄러스쫀득이,"1200
",과자,35,60,1,0.5,13,94,0,5,https://tqklhszfkvzk6518638.cdn.ntruss.com/product/8809004643563.jpg
우유식빵,"2200
",식품,350,285,9,4.6,52,370,0,5,https://tqklhszfkvzk6518638.cdn.ntruss.com/product/8809813420010.jpg
딸기맛카스테라,"1300
",식품,90,365,5,14,55,123,0,5,https://tqklhszfkvzk6518638.cdn.ntruss.com/product/8809273374205.jpg
흔한남매냐하젤리,"1500
",과자,50,175,4,0,40,15,0,5,https://tqklhszfkvzk6518638.cdn.ntruss.com/product/8809566100009.jpg
구운짜장,"1500
",식품,70,365,5,19,43,470,0,5,https://tqklhszfkvzk6518638.cdn.ntruss.com/product/8801019610448.jpg
꼬깔콘찰옥수수맛,"1700
",과자,72,170,1.4,10.3,17.6,200,0,5,https://tqklhszfkvzk6518638.cdn.ntruss.com/product/8801062875719.jpg
초코청크로얄쿠키,"1600
",과자,70,347,4,15,50,134,0,5,https://tqklhszfkvzk6518638.cdn.ntruss.com/product/8809692951766.jpg
생생감자칩레인보우,"1500
",과자,60,335,3,22,31,160,0,5,https://tqklhszfkvzk6518638.cdn.ntruss.com/product/8801019610370.jpg
촉촉한초코칩,"4800
",과자,160,102,1,6,11,30,0,5,https://tqklhszfkvzk6518638.cdn.ntruss.com/product/8801117127008.jpg
티피크리스피,"1200
",과자,40,200,3.4,10,24.6,140,0,5,https://tqklhszfkvzk6518638.cdn.ntruss.com/product/8801019207945.jpg
ABC초코쿠키핑크베리,"1000
",과자,130,540,7,30,60,270,0,5,https://tqklhszfkvzk6518638.cdn.ntruss.com/product/8801062876952.jpg
생미쉘초코칩마들렝,"3500
",식품,175,783,10,39,98,525,0,5,https://tqklhszfkvzk6518638.cdn.ntruss.com/product/3178530407938.jpg
생미쉘마들렝,"3500
",식품,250,474,5.7,27,52,352,0,5,https://tqklhszfkvzk6518638.cdn.ntruss.com/product/3178530402353.jpg
감튀레드칠리맛,"1700
",과자,60,320,3,18,36,350,0,5,https://tqklhszfkvzk6518638.cdn.ntruss.com/product/8801043058759.jpg
허쉬미스터굿바,"1600
",과자,124,694,13,42,66,123,0,5,https://tqklhszfkvzk6518638.cdn.ntruss.com/product/0034000002436.jpg
밀카칩스아호이,"2900
",과자,100,555,5,35,55,172,0,5,https://tqklhszfkvzk6518638.cdn.ntruss.com/product/7622210269249.jpg
옥수수깡,"1700
",과자,70,370,3,20,45,330,0,5,https://tqklhszfkvzk6518638.cdn.ntruss.com/product/8801043058841.jpg
빅카초,"1200
",과자,58,303,3,15,39,75,0,5,https://tqklhszfkvzk6518638.cdn.ntruss.com/product/8801111942409.jpg
밀크초코바나나킥,"2000
",과자,60,150,2,7,20,55,0,5,https://tqklhszfkvzk6518638.cdn.ntruss.com/product/8801043044141.jpg
가나다크밀크,"2400
",과자,70,395,7,25,36,40,2+1,5,https://tqklhszfkvzk6518638.cdn.ntruss.com/product/8801062880201.jpg
짱구,"1500
",과자,115,155,2,8,19,65,0,5,https://tqklhszfkvzk6518638.cdn.ntruss.com/product/8801073310698.jpg
쁘띠몽쉘레몬그린티,"2000
",과자,272,90,1.2,6,8,30,0,5,https://tqklhszfkvzk6518638.cdn.ntruss.com/product/8801062881550.jpg
트롤리키스,"2500
",과자,200,340,5,0,80,80,0,5,https://tqklhszfkvzk6518638.cdn.ntruss.com/product/8436556395932.jpg
조안나팝콘,"2000
",과자,65,315,3,11,51,250,0,5,https://tqklhszfkvzk6518638.cdn.ntruss.com/product/8801062880591.jpg
아몬드초코볼,"2000
",과자,46,265,5,18,21,20,0,5,https://tqklhszfkvzk6518638.cdn.ntruss.com/product/8801062634330.jpg
후룻바틀파인애플,"8000
",식품,666,40,0,0,10,0,0,5,https://tqklhszfkvzk6518638.cdn.ntruss.com/product/8809069305826.jpg
후레쉬베리,"3600
",식품,336,127,1,7,15,50,2+1,5,https://tqklhszfkvzk6518638.cdn.ntruss.com/product/8801117540210.jpg
꾀돌이,"700
",식품,900,436,12,12,76,264,0,5,https://tqklhszfkvzk6518638.cdn.ntruss.com/product/8809036521228.jpg
밭두렁,"700
",과자,45,118,2,1,26,78,0,5,https://tqklhszfkvzk6518638.cdn.ntruss.com/product/8809440480340.jpg
별뽀빠이,"3200
",과자,288,335,6,11,53,220,0,5,https://tqklhszfkvzk6518638.cdn.ntruss.com/product/8801073340077.jpg
사또밥,"1500
",과자,67,170,1,11,17,40,0,5,https://tqklhszfkvzk6518638.cdn.ntruss.com/product/8801073310711.jpg
댄케이크버터쿠키,"800
",과자,200,1019,10.8,52,127,200,0,5,https://tqklhszfkvzk6518638.cdn.ntruss.com/product/0656368002974.jpg
고소미,"1200
",과자,76,361,8,13,53,410,0,5,https://tqklhszfkvzk6518638.cdn.ntruss.com/product/8801117282806.jpg
감자품격트러플,"2000
",과자,48,200,0,3.6,41,380,0,5,https://tqklhszfkvzk6518638.cdn.ntruss.com/product/8801111937832.jpg
오븐에구운도넛,"1200
",식품,400,175,2,7,26,100,2+1,5,https://tqklhszfkvzk6518638.cdn.ntruss.com/product/8801068377705.jpg
허쉬카카오파이,"3000
",과자,420,160,2,7,22,130,0,5,https://tqklhszfkvzk6518638.cdn.ntruss.com/product/8801062891931.jpg
카스테라롤,"2200
",식품,125,470,7,22,61,280,0,5,https://tqklhszfkvzk6518638.cdn.ntruss.com/product/8801068377415.jpg
포키,"1700
",과자,46,225,4,4,30,160,0,5,https://tqklhszfkvzk6518638.cdn.ntruss.com/product/8801019314001.jpg
쫄병짜파게티맛,"1200
",과자,77,150,2,8,18,250,0,5,https://tqklhszfkvzk6518638.cdn.ntruss.com/product/8801043048774.jpg
에스키모밥,"1500
",과자,60,145,2,6,21,180,0,5,https://tqklhszfkvzk6518638.cdn.ntruss.com/product/8801043045346.jpg
꽃게랑,"1700
",과자,70,165,2,9,19,210,0,5,https://tqklhszfkvzk6518638.cdn.ntruss.com/product/8801111770132.jpg
포키극세,"1700
",과자,150,225,4,11,28,150,0,5,https://tqklhszfkvzk6518638.cdn.ntruss.com/product/8801019309946.jpg
밀카오레오,"2900
",과자,92,475,5.7,25.5,55,225,0,5,https://tqklhszfkvzk6518638.cdn.ntruss.com/product/7622210262202.jpg
몬스터칙촉티라미수,"1200
",과자,40,200,3,11,22,130,0,5,https://tqklhszfkvzk6518638.cdn.ntruss.com/product/8801062015191.jpg
몬스터칙촉쇼콜라,"1200
",과자,40,200,3,10,24,85,0,5,https://tqklhszfkvzk6518638.cdn.ntruss.com/product/8801062015177.jpg
자유시간아몬드,"1000
",과자,36,185,3,9,23,65,0,5,https://tqklhszfkvzk6518638.cdn.ntruss.com/product/8801019207655.jpg
오징어다리달달구이,"1500
",과자,75,355,4,13,55,500,0,5,https://tqklhszfkvzk6518638.cdn.ntruss.com/product/8801043042956.jpg
오레오오즈,"6600
",과자,500,120,1,1.5,26,120,0,5,https://tqklhszfkvzk6518638.cdn.ntruss.com/product/8801037065619.jpg
허쉬밀크초콜릿,"1600
",과자,15980,555,7,32,60,80,0,5,https://tqklhszfkvzk6518638.cdn.ntruss.com/product/0000000342400.jpg
자유시간크리스피,"1000
",과자,27,134,2,6,18,45,0,5,https://tqklhszfkvzk6518638.cdn.ntruss.com/product/8801019207464.jpg
쫄병안성탕면맛,"1200
",과자,77,395,6,21,46,640,0,5,https://tqklhszfkvzk6518638.cdn.ntruss.com/product/8801043040990.jpg
콘치크림치즈,"1500
",과자,162,532,7,28,63,210,2+1,5,https://tqklhszfkvzk6518638.cdn.ntruss.com/product/8801111183062.jpg
새우깡,"1500
",과자,90,465,6,25,54,610,0,5,https://tqklhszfkvzk6518638.cdn.ntruss.com/product/8801043035989.jpg
허니버터칩,"1700
",과자,60,345,2,24,30,200,0,5,https://tqklhszfkvzk6518638.cdn.ntruss.com/product/8801019606540.jpg
꿀꽈배기,"1700
",과자,90,450,2.8,21,63,230,0,5,https://tqklhszfkvzk6518638.cdn.ntruss.com/product/8801043036177.jpg
매운새우깡,"1500
",과자,90,450,6,20,59,650,0,5,https://tqklhszfkvzk6518638.cdn.ntruss.com/product/8801043036078.jpg
포카칩오리지널,"1700
",과자,66,167,2,11,15,115,0,5,https://tqklhszfkvzk6518638.cdn.ntruss.com/product/8801117760106.jpg
포스틱,"1700
",과자,156,140,1,4.7,23,190,0,5,https://tqklhszfkvzk6518638.cdn.ntruss.com/product/8801043036436.jpg
다이제초코,"2500
",과자,225,509,6,25,65,530,0,5,https://tqklhszfkvzk6518638.cdn.ntruss.com/product/8801117277406.jpg
칸쵸,"1200
",과자,54,260,3.5,11,36,155,0,5,https://tqklhszfkvzk6518638.cdn.ntruss.com/product/8801062518210.jpg
콘칩,"1500
",과자,72,381,4,21,44,120,0,5,https://tqklhszfkvzk6518638.cdn.ntruss.com/product/8801111611312.jpg
쫄병매콤한맛,"1200
",과자,82,430,5,24,49,460,0,5,https://tqklhszfkvzk6518638.cdn.ntruss.com/product/8801043031431.jpg
초코송이,"1000
",과자,36,190,2,10,23,80,0,5,https://tqklhszfkvzk6518638.cdn.ntruss.com/product/8801117446901.jpg
칙촉,"2400
",과자,168,820,11.2,41,101,550,0,5,https://tqklhszfkvzk6518638.cdn.ntruss.com/product/8801062247431.jpg
오레오초콜릿크림,"2000
",과자,133,493,4.4,21,71.7,455,0,5,https://tqklhszfkvzk6518638.cdn.ntruss.com/product/8801037088205.jpg
몽쉘크림케이크,"3300
",식품,135,495,8,30,48,145,0,5,https://tqklhszfkvzk6518638.cdn.ntruss.com/product/8801062273294.jpg
양파,"4000
",음료,2100,30,0,0,8,10,0,5,https://tqklhszfkvzk6518638.cdn.ntruss.com/product/8886467100024.jpg
초코칩쿠키,"1500
",과자,60,294.2,3.5,13.3,40,144.6,0,5,https://tqklhszfkvzk6518638.cdn.ntruss.com/product/8801117267605.jpg
초코픽,"1700
",과자,45,220,4,9,31,130,0,5,https://tqklhszfkvzk6518638.cdn.ntruss.com/product/8801019308246.jpg
빅파이딸기,"3200
",과자,324,455,5,19,66,240,0,5,https://tqklhszfkvzk6518638.cdn.ntruss.com/product/8801111180481.jpg
쵸코하임,"3300
",과자,47,254,4,14,28,65,0,5,https://tqklhszfkvzk6518638.cdn.ntruss.com/product/8801111186216.jpg
뿌셔뿌셔불고기맛,"1200
",식품,95,440,9,16,65,980,2+1,5,https://tqklhszfkvzk6518638.cdn.ntruss.com/product/8801045560038.jpg
꼬북칩콘스프맛,"1700
",과자,80,175,1,11,18,210,0,5,https://tqklhszfkvzk6518638.cdn.ntruss.com/product/8801117784409.jpg
조청유과,"1700
",과자,96,170,1,10,19,75,0,5,https://tqklhszfkvzk6518638.cdn.ntruss.com/product/8801043036719.jpg
도라에몽츄러스,"700
",과자,480,110,1,7,12,30,0,5,https://tqklhszfkvzk6518638.cdn.ntruss.com/product/8809394830185.jpg
구운감자,"4000
",과자,162,130,1,6,19,210,2+1,5,https://tqklhszfkvzk6518638.cdn.ntruss.com/product/8801019602504.jpg
알새우칩,"1700
",과자,68,345,4,17,46,510,0,5,https://tqklhszfkvzk6518638.cdn.ntruss.com/product/8801043036399.jpg
화이트하임,"3300
",과자,47,256,3.4,14,29,65,0,5,https://tqklhszfkvzk6518638.cdn.ntruss.com/product/8801111186247.jpg
오레오씬즈티라미수,"2000
",과자,840,205,2,9,29,140,2+1,5,https://tqklhszfkvzk6518638.cdn.ntruss.com/product/8801037091106.jpg
감자깡,"1700
",과자,75,150,2,6,22,190,0,5,https://tqklhszfkvzk6518638.cdn.ntruss.com/product/8801043036139.jpg
카라멜콘땅콩,"1500
",과자,24,127,1,7,15,40,2+1,5,https://tqklhszfkvzk6518638.cdn.ntruss.com/product/8801111180986.jpg
정통크림빵,"1500
",식품,225,280,4,12,39,240,0,5,https://tqklhszfkvzk6518638.cdn.ntruss.com/product/8801068086003.jpg
정통보름달,"1300
",식품,189,205,3,5,37,130,0,5,https://tqklhszfkvzk6518638.cdn.ntruss.com/product/8801068085990.jpg
허니카스테라,"2500
",식품,380,345,7,16,43,50,0,5,https://tqklhszfkvzk6518638.cdn.ntruss.com/product/8801068082630.jpg
롱패스츄리,"1700
",식품,110,395,6,19,50,320,0,5,https://tqklhszfkvzk6518638.cdn.ntruss.com/product/8801062478972.jpg
초코와플,"1700
",과자,130,517,6,29,58,97,0,5,https://tqklhszfkvzk6518638.cdn.ntruss.com/product/5410126132472.jpg
킨더초콜릿맥시,"900
",과자,126,119,1.8,7.4,11.4,25.8,0,5,https://tqklhszfkvzk6518638.cdn.ntruss.com/product/0000080050094.jpg
페레로로쉐,"4300
",과자,300,1784,25,128,133,180,2+1,5,https://tqklhszfkvzk6518638.cdn.ntruss.com/product/0000080135906.jpg
밀크카라멜,"1000
",과자,50,205,2,5,38,130,0,5,https://tqklhszfkvzk6518638.cdn.ntruss.com/product/8801062335633.jpg
드림카카오,"3500
",과자,86,545,9,39,39,10,2+1,5,https://tqklhszfkvzk6518638.cdn.ntruss.com/product/8801062633715.jpg
하리보스타믹스,"2000
",과자,250,336,7,0,77,30,0,5,https://tqklhszfkvzk6518638.cdn.ntruss.com/product/5012035901738.jpg
새콤달콤포도,"500
",과자,29,35,0,0.8,7,0,0,5,https://tqklhszfkvzk6518638.cdn.ntruss.com/product/8801111188012.jpg
새콤달콤딸기,"500
",과자,29,35,0,0.8,7,0,0,5,https://tqklhszfkvzk6518638.cdn.ntruss.com/product/8801111187992.jpg
하리보해피콜라,"2000
",과자,80,264,5.4,0,59.1,24,0,5,https://tqklhszfkvzk6518638.cdn.ntruss.com/product/4001686323366.jpg
하리보골드바렌,"2000
",과자,980,340,7,0.3,77,30,0,5,https://tqklhszfkvzk6518638.cdn.ntruss.com/product/4001686301555.jpg
통아몬드캔디,"2000
",과자,90,52,0,3.1,6,10,0,5,https://tqklhszfkvzk6518638.cdn.ntruss.com/product/8801117331009.jpg
마이쮸포도,"800
",과자,132,185,0.7,4,36,15,0,5,https://tqklhszfkvzk6518638.cdn.ntruss.com/product/8801111187893.jpg
마이쮸복숭아,"800
",과자,132,185,0.7,4,36,15,0,5,https://tqklhszfkvzk6518638.cdn.ntruss.com/product/8801111187930.jpg
마이쮸사과,"800
",과자,132,185,0.7,4,36,15,0,5,https://tqklhszfkvzk6518638.cdn.ntruss.com/product/8801111187916.jpg
마이쮸딸기,"800
",과자,132,185,0.7,4,36,15,0,5,https://tqklhszfkvzk6518638.cdn.ntruss.com/product/8801111187879.jpg
핫브레이크,"1000
",과자,50,249,5,13,28,75,0,5,https://tqklhszfkvzk6518638.cdn.ntruss.com/product/8801117449803.jpg
츄파춥스,"300
",과자,720,390,0,0,97,75,0,5,https://tqklhszfkvzk6518638.cdn.ntruss.com/product/8410031920093.jpg
멘토스레인보우,"800
",과자,37.5,140,0,0.6,34,15,0,5,https://tqklhszfkvzk6518638.cdn.ntruss.com/product/6921211104292.jpg
새콤달콤복숭아,"500
",과자,29,120,0,2.7,24,5,0,5,https://tqklhszfkvzk6518638.cdn.ntruss.com/product/8801111188036.jpg
뽕따소다맛,"1800
",아이스크림,130,115,0,3.2,22,50,1+1,5,https://tqklhszfkvzk6518638.cdn.ntruss.com/product/8801104111355.jpg
탱크보이,"1800
",아이스크림,720,95,0,1.5,20,20,0,5,https://tqklhszfkvzk6518638.cdn.ntruss.com/product/8809713220390.jpg
졸음사냥,"1500
",아이스크림,140,130,1,0,32,50,0,5,https://tqklhszfkvzk6518638.cdn.ntruss.com/product/8801104670920.jpg
아침햇살흑임자콘,"2000
",아이스크림,150,230,4,9,33,55,0,5,https://tqklhszfkvzk6518638.cdn.ntruss.com/product/8801382703044.jpg
녹차붕어싸만코,"2000
",아이스크림,150,220,3,7,36,80,0,5,https://tqklhszfkvzk6518638.cdn.ntruss.com/product/8801104305136.jpg
엑설런트,"10000
",아이스크림,340,140,2,9,12,50,0,5,https://tqklhszfkvzk6518638.cdn.ntruss.com/product/8801104163057.jpg
거북알초코,"800
",아이스크림,120,85,2,4.2,10,20,0,5,https://tqklhszfkvzk6518638.cdn.ntruss.com/product/8801118250590.jpg
거꾸로수박바,"1200
",아이스크림,75,90,0,1.4,19,25,1+1,5,https://tqklhszfkvzk6518638.cdn.ntruss.com/product/8801062004720.jpg
솔티드카라멜바,"4200
",아이스크림,70,105,1,2.7,19,50,0,5,http://cdn2.bgfretail.com/bgfbrand/files/product/7EF9F726F3B442B9ADFF384D1662EE18.jpg
설레임밀크쉐이크,"2200
",아이스크림,160,175,3,6,27,55,0,5,https://tqklhszfkvzk6518638.cdn.ntruss.com/product/8801062623495.jpg
찰떡아이스,"2200
",아이스크림,90,180,3,4.4,32,30,0,5,https://tqklhszfkvzk6518638.cdn.ntruss.com/product/8801062435197.jpg
메로나,"1500
",아이스크림,75,120,1,5,18,50,0,5,https://tqklhszfkvzk6518638.cdn.ntruss.com/product/8801104123280.jpg
소고기무국,"2000
",즉석요리,500,80,8,1.8,8,1565,0,5,https://tqklhszfkvzk6518638.cdn.ntruss.com/product/8809029110897.jpg
소고기미역국,"2000
",즉석요리,350,95,7,7,2,840,0,5,https://tqklhszfkvzk6518638.cdn.ntruss.com/product/8809029110880.jpg
유기농쌀밥,"7500
",즉석요리,210,315,6,0.6,72,0,0,5,https://tqklhszfkvzk6518638.cdn.ntruss.com/product/8801007853383.jpg
샤인머스켓,"5700
",음료,230,120,0,0,30,0,0,5,https://tqklhszfkvzk6518638.cdn.ntruss.com/product/2202000018315.jpg
비비고칩포테이토,"3900
",과자,40,255,1,20,18,270,0,5,https://tqklhszfkvzk6518638.cdn.ntruss.com/product/8801007761541.jpg
수박,"24000
",아이스크림,100,130,0.9,0.9,30,10,0,5,https://tqklhszfkvzk6518638.cdn.ntruss.com/product/8809919290180.jpg
복숭아,"4500
",식품,200,225,1,0,54,10,0,5,https://tqklhszfkvzk6518638.cdn.ntruss.com/product/8809919290166.jpg
비비고순댓국,"7900
",즉석요리,460,390,24,24,19,1650,2+1,5,https://tqklhszfkvzk6518638.cdn.ntruss.com/product/8801007792835.jpg
비비고감자탕,"7900
",즉석요리,460,305,34,9,22,1810,2+1,5,https://tqklhszfkvzk6518638.cdn.ntruss.com/product/8801007792736.jpg
비비고추어탕,"7900
",즉석요리,460,195,12,9,16,1570,2+1,5,https://tqklhszfkvzk6518638.cdn.ntruss.com/product/8801007769868.jpg
한끼잡채,"3900
",즉석요리,300,545,8,18,87,1039,0,5,https://tqklhszfkvzk6518638.cdn.ntruss.com/product/8809109115996.jpg
망고,"5900
",아이스크림,85,131,3,0,32,17,0,5,https://tqklhszfkvzk6518638.cdn.ntruss.com/product/8809296016274.jpg
고소쌈장,"6000
",식품,450,40,2,1.1,5,290,0,5,https://tqklhszfkvzk6518638.cdn.ntruss.com/product/8801114149157.jpg
낙지김치죽,"5900
",즉석요리,400,56,2,0,12,191,2+1,5,https://tqklhszfkvzk6518638.cdn.ntruss.com/product/8801007795188.jpg
김말이튀김,"4300
",즉석요리,1000,191,1.8,7.5,29,223,0,5,https://tqklhszfkvzk6518638.cdn.ntruss.com/product/8809109117419.jpg
물냉면,"3500
",식품,215,344,12.2,0.1,73.5,402,0,5,https://tqklhszfkvzk6518638.cdn.ntruss.com/product/8801165014381.jpg
시래기된장국,"5900
",즉석요리,8,30,2,0.9,4,360,2+1,5,https://tqklhszfkvzk6518638.cdn.ntruss.com/product/8801007971339.jpg
라이스페이퍼,"3500
",식품,280,340,0.5,0,85,390,0,5,https://tqklhszfkvzk6518638.cdn.ntruss.com/product/8938505846187.jpg
한우소고기죽,"5900
",즉석요리,500,285,6,6,53,880,2+1,5,https://tqklhszfkvzk6518638.cdn.ntruss.com/product/8801007901282.jpg
전복내장죽,"5900
",즉석요리,300,60.33,1.28,1.33,10.81,152.25,2+1,5,https://tqklhszfkvzk6518638.cdn.ntruss.com/product/8801007901268.jpg
춘천막국수,"8000
",식품,130,505,13,20,68,1070,0,5,https://tqklhszfkvzk6518638.cdn.ntruss.com/product/8801114152195.jpg
메밀소바,"2400
",식품,380,300,12,2,59,1700,0,5,https://tqklhszfkvzk6518638.cdn.ntruss.com/product/8801085881056.jpg
비빔막국수,"2400
",즉석요리,378,605,14,15,103,1250,0,5,https://tqklhszfkvzk6518638.cdn.ntruss.com/product/8801085880653.jpg
유부초밥,"6000
",즉석요리,182,480,8,11,50,660,0,5,https://tqklhszfkvzk6518638.cdn.ntruss.com/product/8801114101834.jpg
본고장유부우동,"3600
",식품,217,280,10,3.7,77,1940,0,5,https://tqklhszfkvzk6518638.cdn.ntruss.com/product/8801085882695.jpg
순대곱창볶음,"7900
",즉석요리,300,1185,20,10,253,1912,0,5,https://tqklhszfkvzk6518638.cdn.ntruss.com/product/8801077782101.jpg
딸기,"11000
",식품,1200,195,1,0,47,20,0,5,https://tqklhszfkvzk6518638.cdn.ntruss.com/product/8809917000026.jpg
한라봉,"8200
",아이스크림,90,145,0.9,1.4,32,15,0,5,https://tqklhszfkvzk6518638.cdn.ntruss.com/product/8809919290067.jpg
불고기왕꼬치,"2400
",식품,100,210,13,12,13,850,0,5,https://tqklhszfkvzk6518638.cdn.ntruss.com/product/8801052043425.jpg
감말랭이,"3800
",식품,70,135,0,0,0,0,0,5,https://tqklhszfkvzk6518638.cdn.ntruss.com/product/8809826440456.jpg
소고기샤브샤브,"14900
",즉석요리,895,960,51,46,92,6503,0,5,https://tqklhszfkvzk6518638.cdn.ntruss.com/product/8809558840333.jpg
미정당생칼국수,"3500
",식품,400,1110,25,2.4,246,2920,0,5,https://tqklhszfkvzk6518638.cdn.ntruss.com/product/8801007718903.jpg
볶음땅콩,"3000
",식품,100,625,0,0,0,55,0,5,https://tqklhszfkvzk6518638.cdn.ntruss.com/product/8801133009364.jpg
선지해장국,"7800
",즉석요리,600,160,20,2.3,15,1700,1+1,5,https://tqklhszfkvzk6518638.cdn.ntruss.com/product/8801045533346.jpg
서울식불고기전골,"12900
",간편식사,444.5,734,34,38,64,1575,0,5,https://tqklhszfkvzk6518638.cdn.ntruss.com/product/8809558840272.jpg
알뜰소시지,"1800
",식품,500,220,4.5,15,17,670,0,5,https://tqklhszfkvzk6518638.cdn.ntruss.com/product/8801123206834.jpg
라면사리,"500
",식품,100,455,12,16,66,390,0,5,https://tqklhszfkvzk6518638.cdn.ntruss.com/product/8801045522012.jpg
짜장불닭볶음면,"1700
",식품,140,560,13,19,84,1420,0,5,https://tqklhszfkvzk6518638.cdn.ntruss.com/product/8801073115620.jpg
양반소고기미역국,"5000
",즉석요리,460,115,8,9,0.7,1330,2+1,5,https://tqklhszfkvzk6518638.cdn.ntruss.com/product/8801047168201.jpg
삼계탕,"15900
",즉석요리,900,45,5,3,0,260,0,5,https://tqklhszfkvzk6518638.cdn.ntruss.com/product/8801492378187.jpg
매콤깻잎순대볶음,"11900
",간편식사,627,834,44,18,124,3221,0,5,https://tqklhszfkvzk6518638.cdn.ntruss.com/product/8809558842207.jpg
비비고삼계탕,"14800
",식품,800,705,70,37,23,1030,2+1,5,https://tqklhszfkvzk6518638.cdn.ntruss.com/product/8801007526478.jpg
차돌박이숙주볶음,"12900
",간편식사,421,729,22,69,5,990,0,5,https://tqklhszfkvzk6518638.cdn.ntruss.com/product/8809558840067.jpg
소고기찹스테이크,"16900
",간편식사,527,653,50,41,21,1773,0,5,https://tqklhszfkvzk6518638.cdn.ntruss.com/product/8809558840005.jpg
토마토,"3500
",음료,180,60,0,0,15,20,0,5,https://tqklhszfkvzk6518638.cdn.ntruss.com/product/8809021920104.jpg
피에스타스테이크,"11900
",간편식사,332,369,39,17,15,665,0,5,https://tqklhszfkvzk6518638.cdn.ntruss.com/product/8809558841088.jpg
감바스알아히요,"12900
",즉석요리,420,1295,30,103,62,1890,0,5,https://tqklhszfkvzk6518638.cdn.ntruss.com/product/8809558840081.jpg
그릴닭가슴살,"4500
",식품,980,120,18,1.1,4,560,0,5,https://tqklhszfkvzk6518638.cdn.ntruss.com/product/8801047574002.jpg
큰컵짜장불닭볶음면,"1800
",식품,105,425,10,15,63,1000,0,5,https://tqklhszfkvzk6518638.cdn.ntruss.com/product/8801073212756.jpg
물엿,"3500
",식품,1200,304,0,0,0,0,0,5,https://tqklhszfkvzk6518638.cdn.ntruss.com/product/8801045611211.jpg
허니머스타드,"3500
",식품,265,265,0,0,0,650,0,5,https://tqklhszfkvzk6518638.cdn.ntruss.com/product/8801045176338.jpg
딸기쨈,"6000
",식품,454,260,0.4,0.3,64,65,0,5,https://tqklhszfkvzk6518638.cdn.ntruss.com/product/8801045331126.jpg
투움바파스타,"3600
",즉석요리,230,440,13,23,45,1440,0,5,https://tqklhszfkvzk6518638.cdn.ntruss.com/product/8809083705251.jpg
사과,"6000
",식품,600,54,0,0,13,12,0,5,https://tqklhszfkvzk6518638.cdn.ntruss.com/product/8809572421150.jpg
큰컵짜짜로니,"1400
",식품,105,576,13.68,20.59,83.66,1110.82,0,5,https://tqklhszfkvzk6518638.cdn.ntruss.com/product/8801073210783.jpg
햇반구수한쌀밥,"2600
",즉석요리,1260,330,5,1.4,74,5,0,5,https://tqklhszfkvzk6518638.cdn.ntruss.com/product/8801007880280.jpg
미니비엔나,"4200
",식품,140,295,12,25,6,830,0,5,https://tqklhszfkvzk6518638.cdn.ntruss.com/product/8801123304219.jpg
누텔라,"5000
",과자,3000,81,0.9,4.6,9.1,6.3,0,5,https://tqklhszfkvzk6518638.cdn.ntruss.com/product/0000080776468.jpg
삼양라면밥,"3500
",즉석요리,500,463,10,15,72,1583,0,5,https://tqklhszfkvzk6518638.cdn.ntruss.com/product/8809294666419.jpg
복음자리딸기잼,"5500
",식품,640,60,0,0,14,10,0,5,https://tqklhszfkvzk6518638.cdn.ntruss.com/product/8805999101040.jpg
아보카도,"4400
",식품,190,140,1,1.7,30,20,0,5,https://tqklhszfkvzk6518638.cdn.ntruss.com/product/8809640110993.jpg
꼬꼬면,"1100
",식품,115,490,9,15,80,1810,0,5,https://tqklhszfkvzk6518638.cdn.ntruss.com/product/8801128509770.jpg
생블루베리,"5500
",음료,100,520,16.8,9.2,92,340,0,5,https://tqklhszfkvzk6518638.cdn.ntruss.com/product/8809669191553.jpg
감자탕볶음밥,"4300
",즉석요리,250,475,12,17,68,1090,0,5,https://tqklhszfkvzk6518638.cdn.ntruss.com/product/8801045909073.jpg
춘천식양념닭갈비,"6900
",간편식사,280,443,35,23,24,1030,0,5,https://tqklhszfkvzk6518638.cdn.ntruss.com/product/8809558845888.jpg
도가니탕,"6400
",즉석요리,450,95,9,6,0.7,990,0,5,https://tqklhszfkvzk6518638.cdn.ntruss.com/product/8801052080598.jpg
소머리곰탕,"6400
",즉석요리,600,135,23,3.5,3,1300,0,5,https://tqklhszfkvzk6518638.cdn.ntruss.com/product/8801052080581.jpg
매콤크림리조또,"3800
",즉석요리,230,390,10,21,40,1160,0,5,https://tqklhszfkvzk6518638.cdn.ntruss.com/product/8805684003857.jpg
통계란샐러드고구마,"2900
",즉석요리,170,375,9,28,22,480,0,5,https://tqklhszfkvzk6518638.cdn.ntruss.com/product/8805684003628.jpg
차돌된장찌개,"7800
",즉석요리,140,137,9,6,14,892,1+1,5,https://tqklhszfkvzk6518638.cdn.ntruss.com/product/8801045634630.jpg
어피치핫도그,"1400
",식품,420,166,9,8,14,300,0,5,https://tqklhszfkvzk6518638.cdn.ntruss.com/product/8801492378965.jpg
무지핫도그,"2500
",식품,520,334,14,16,34,680,0,5,https://tqklhszfkvzk6518638.cdn.ntruss.com/product/8801492378989.jpg
꽁치,"5000
",식품,300,18,1.17,1.16,0.72,108,0,5,https://tqklhszfkvzk6518638.cdn.ntruss.com/product/8801047141136.jpg
옛날사골곰탕죽,"4500
",즉석요리,285,175,10,4.9,23,530,0,5,https://tqklhszfkvzk6518638.cdn.ntruss.com/product/8801045226781.jpg
옛날도가니탕죽,"4500
",즉석요리,285,170,14,4,20,490,0,5,https://tqklhszfkvzk6518638.cdn.ntruss.com/product/8801045074184.jpg
베지가든매운떡볶이,"2700
",즉석요리,133,315,6,2.1,68,1120,0,5,https://tqklhszfkvzk6518638.cdn.ntruss.com/product/8809061671547.jpg
치킨너겟,"5500
",식품,300,175,0,0,0,380,0,5,https://tqklhszfkvzk6518638.cdn.ntruss.com/product/8801492358554.jpg
미니윈너,"4900
",식품,280,295,16,21,10,710,0,5,https://tqklhszfkvzk6518638.cdn.ntruss.com/product/8801074257992.jpg
멸치칼국수,"1100
",식품,98,335,9,0.4,74,1790,0,5,https://tqklhszfkvzk6518638.cdn.ntruss.com/product/8801043004275.jpg
스위트콘,"2400
",식품,1000,90,3.2,2.4,14,1.6,0,5,https://tqklhszfkvzk6518638.cdn.ntruss.com/product/8801047153276.jpg
사리곰탕면,"1200
",식품,110,475,11,15,74,1700,2+1,5,https://tqklhszfkvzk6518638.cdn.ntruss.com/product/8801043015165.jpg
부산어묵,"2000
",식품,240,15.21,1.08,0.03,2.66,73.35,0,5,https://tqklhszfkvzk6518638.cdn.ntruss.com/product/8801066301108.jpg
햇반매일오곡밥,"2800
",즉석요리,210,315,6,1.5,69,240,0,5,https://tqklhszfkvzk6518638.cdn.ntruss.com/product/8801007038773.jpg
스낵면,"850
",식품,120,475,10,17,70,1710,0,5,https://tqklhszfkvzk6518638.cdn.ntruss.com/product/8801045520728.jpg
양반왕갈비탕,"6500
",즉석요리,460,480,15,46,2,1420,0,5,https://tqklhszfkvzk6518638.cdn.ntruss.com/product/8801047169437.jpg
양반차돌된장찌개,"6500
",즉석요리,460,235,16,9,22,3090,0,5,https://tqklhszfkvzk6518638.cdn.ntruss.com/product/8801047169468.jpg
한우미역국,"7800
",즉석요리,150,20,3,0.5,1,240,1+1,5,https://tqklhszfkvzk6518638.cdn.ntruss.com/product/8801045290843.jpg
베이컨크림파스타,"4100
",즉석요리,320,540,14,24,67,968,0,5,https://tqklhszfkvzk6518638.cdn.ntruss.com/product/8805684009026.jpg
비비고갈비탕,"7900
",즉석요리,400,115,14,6,1,1130,0,5,https://tqklhszfkvzk6518638.cdn.ntruss.com/product/8801007712079.jpg
소면,"4800
",식품,1500,339,15.1,0.2,69.4,1714,0,5,https://tqklhszfkvzk6518638.cdn.ntruss.com/product/8801045491400.jpg
칼빔면,"1200
",식품,144,595,9,21,92,1400,0,5,https://tqklhszfkvzk6518638.cdn.ntruss.com/product/8801043055888.jpg
진비빔면,"1250
",식품,156,625,11,23,98,1400,0,5,https://tqklhszfkvzk6518638.cdn.ntruss.com/product/8801045526294.jpg
함박스테이크정식,"5000
",즉석요리,300,650,25,37,54,1220,0,5,https://tqklhszfkvzk6518638.cdn.ntruss.com/product/8809665552181.jpg
대두유,"10200
",식품,5000,884,0,100,0,0,0,5,https://tqklhszfkvzk6518638.cdn.ntruss.com/product/8801007402345.jpg
영양삼계죽,"3900
",즉석요리,262,191,9,3,32,460,0,5,https://tqklhszfkvzk6518638.cdn.ntruss.com/product/8801068385359.jpg
쇠고기버섯죽,"3900
",즉석요리,287,223,10,7,30,610,0,5,https://tqklhszfkvzk6518638.cdn.ntruss.com/product/8801068383966.jpg
전복새우죽,"3900
",즉석요리,287,209,8,5,33,560,0,5,https://tqklhszfkvzk6518638.cdn.ntruss.com/product/8801068383942.jpg
생강차,"3300
",생활 용품,225,60,0,0,14,28,0,5,https://tqklhszfkvzk6518638.cdn.ntruss.com/product/8803217000601.jpg
덴마크피자치즈,"1200
",식품,330,350,0,0,2,600,0,5,https://tqklhszfkvzk6518638.cdn.ntruss.com/product/8801155737580.jpg
돌산갓김치,"2300
",식품,90,3.69,0.33,0.06,0.45,81.99,0,5,https://tqklhszfkvzk6518638.cdn.ntruss.com/product/8801052054544.jpg
오삼불고기,"8500
",즉석요리,160,355,23,22,16,490,0,5,https://tqklhszfkvzk6518638.cdn.ntruss.com/product/8809574678927.jpg
재래식된장,"5200
",식품,3000,175,13,5,19,4470,0,5,http://bgf0cu.xcache.kinxcdn.com/product/8801007053349.jpg
태양초고추장,"9900
",식품,14000,230,6,2,48,1950,0,5,https://tqklhszfkvzk6518638.cdn.ntruss.com/product/8801007166452.jpg
무파마탕면,"1400
",식품,122,510,10,15,84,1720,0,5,https://tqklhszfkvzk6518638.cdn.ntruss.com/product/8801043015349.jpg
마라탕면,"3200
",식품,108,425,0,0,0,1590,0,5,https://tqklhszfkvzk6518638.cdn.ntruss.com/product/8809083704735.jpg
팔도비빔면,"1100
",식품,130,530,9,19,80,1090,0,5,https://tqklhszfkvzk6518638.cdn.ntruss.com/product/8801128503037.jpg
까르보불닭떡볶이,"3000
",즉석요리,230,445,16,10,72,1260,2+1,5,https://tqklhszfkvzk6518638.cdn.ntruss.com/product/8801073310933.jpg
한입피자고르곤졸라,"2500
",식품,80,210,9,6,30,200,0,5,https://tqklhszfkvzk6518638.cdn.ntruss.com/product/8801066056732.jpg
한입피자콤비네이션,"2500
",식품,80,185,10,6,22,200,0,5,https://tqklhszfkvzk6518638.cdn.ntruss.com/product/8801066056619.jpg
진한참기름,"5100
",식품,1800,830,0,92,0,0,0,5,https://tqklhszfkvzk6518638.cdn.ntruss.com/product/8801007441351.jpg
고메핫스파이시미트볼,"5500
",즉석요리,180,430,18,27,29,1580,0,5,http://cdn2.bgfretail.com/bgfbrand/files/product/FE4F58B0833646188DF181C676C38B06.jpg
스모크치킨,"4900
",식품,180,75,7,4.7,1,160,0,5,https://tqklhszfkvzk6518638.cdn.ntruss.com/product/8801066260108.jpg
당면,"5300
",식품,14000,355,0,0,88,0,0,5,https://tqklhszfkvzk6518638.cdn.ntruss.com/product/8801045480107.jpg
스모크닭다리,"4000
",식품,680,330,33,21,2,940,0,5,https://tqklhszfkvzk6518638.cdn.ntruss.com/product/8801492352378.jpg
치즈큐빅플레인,"4800
",식품,126,22,0,0,0.1,46,0,5,https://tqklhszfkvzk6518638.cdn.ntruss.com/product/8801115640448.jpg
진짜쫄면,"1700
",식품,150,560,10,18,90,1250,0,5,http://cdn2.bgfretail.com/bgfbrand/files/product/615440CED44D4D269019FC152588EF1A.jpg
신라면블랙,"1900
",식품,134,575,12,18,91,1780,0,5,https://tqklhszfkvzk6518638.cdn.ntruss.com/product/8801043041577.jpg
까르보불닭볶음면,"1700
",식품,130,550,8,20,84,1330,0,5,https://tqklhszfkvzk6518638.cdn.ntruss.com/product/8801073113770.jpg
고메함박스테이크,"5500
",즉석요리,200,340,18,21,20,860,0,5,https://tqklhszfkvzk6518638.cdn.ntruss.com/product/8801007618548.jpg
불닭볶음면,"1250
",식품,140,530,12,16,85,1280,0,5,https://tqklhszfkvzk6518638.cdn.ntruss.com/product/8801073110502.jpg
간짬뽕,"1300
",식품,140,560,14,17,88,1290,0,5,http://cdn2.bgfretail.com/bgfbrand/files/product/4EBED666DCD54B81B73AC6C6F5CE201B.jpg
삼양라면,"950
",식품,120,500,10,16,79,1790,0,5,https://tqklhszfkvzk6518638.cdn.ntruss.com/product/8801073102538.jpg
목장스트링치즈,"1200
",식품,72,50,5,3.7,0.23,65,0,5,https://tqklhszfkvzk6518638.cdn.ntruss.com/product/8801115631293.jpg
크림스프,"2500
",즉석요리,80,350,4,12,56,2000,0,5,https://tqklhszfkvzk6518638.cdn.ntruss.com/product/8801045052106.jpg
쇠고기스프,"2500
",즉석요리,80,315,8,6.4,56,1680,0,5,https://tqklhszfkvzk6518638.cdn.ntruss.com/product/8801045050102.jpg
해표카놀라유,"2900
",식품,900,900,0,100,0,0,0,5,https://tqklhszfkvzk6518638.cdn.ntruss.com/product/8801039207703.jpg
압착올리브유,"5300
",식품,5000,900,0,100,0,0,0,5,https://tqklhszfkvzk6518638.cdn.ntruss.com/product/8801039207680.jpg
안성탕면,"900
",식품,125,525,11,17,82,1790,0,5,https://tqklhszfkvzk6518638.cdn.ntruss.com/product/8801043014731.jpg
신라면,"1000
",식품,120,500,10,16,79,1790,0,5,https://tqklhszfkvzk6518638.cdn.ntruss.com/product/8801043014809.jpg
오징어짬뽕,"1200
",식품,124,510,10,15,84,1750,0,5,https://tqklhszfkvzk6518638.cdn.ntruss.com/product/8801043015110.jpg
사천짜파게티,"1400
",식품,137,600,11,21,92,1080,0,5,https://tqklhszfkvzk6518638.cdn.ntruss.com/product/8801043015394.jpg
고추참치,"3800
",식품,150,205,23,6,16,560,0,5,https://tqklhszfkvzk6518638.cdn.ntruss.com/product/8801045643212.jpg
오잉,"5000
",과자,75,145,2,6,21,180,0,5,https://tqklhszfkvzk6518638.cdn.ntruss.com/product/8801149404061.jpg
팔도비빔면컵,"1300
",식품,115,465,8,18,68,1190,0,5,https://tqklhszfkvzk6518638.cdn.ntruss.com/product/8801128503594.jpg
김치사발면,"1000
",식품,86,380,7,14,56,1520,0,5,https://tqklhszfkvzk6518638.cdn.ntruss.com/product/8801043015639.jpg
진짬뽕,"1900
",식품,130,500,10,16,79,1780,0,5,https://tqklhszfkvzk6518638.cdn.ntruss.com/product/8801045522678.jpg
3분쇠고기간짜장,"2000
",식품,200,190,6,8,23,1020,0,5,https://tqklhszfkvzk6518638.cdn.ntruss.com/product/8801045291321.jpg
한입쏙쏙미트볼,"4400
",즉석요리,180,275,23,10,23,900,2+1,5,https://tqklhszfkvzk6518638.cdn.ntruss.com/product/8801045320212.jpg
양반호박죽,"4500
",즉석요리,285,165,2,0,39,310,2+1,5,https://tqklhszfkvzk6518638.cdn.ntruss.com/product/8801047161592.jpg
불가리스딸기,"1800
",음료,150,90,4,3,12,60,2+1,5,https://tqklhszfkvzk6518638.cdn.ntruss.com/product/8801069175959.jpg
진로토닉워터,"2500
",음료,300,128,0,0.5,31,5,2+1,5,https://tqklhszfkvzk6518638.cdn.ntruss.com/product/8801001236199.jpg
덴마크민트초코우유,"1800
",음료,310,232.5,7,5,41,150,0,5,https://tqklhszfkvzk6518638.cdn.ntruss.com/product/8801155814014.jpg
덴마크딸기딸기우유,"1800
",음료,300,175,5,4.5,28,120,0,5,https://tqklhszfkvzk6518638.cdn.ntruss.com/product/8801155731632.jpg
덴마크초코초코우유,"1800
",음료,300,225,6,7,35,105,0,5,https://tqklhszfkvzk6518638.cdn.ntruss.com/product/8801155731625.jpg
덴마크바나바나우유,"1800
",음료,300,145,4,4.2,23,110,0,5,https://tqklhszfkvzk6518638.cdn.ntruss.com/product/8801155731830.jpg
야쿠르트,"1250
",음료,65,45,1,0,10,15,0,5,https://tqklhszfkvzk6518638.cdn.ntruss.com/product/8801128242912.jpg
연세우유,"1100
",음료,100,65,3,3.5,5,50,0,5,https://tqklhszfkvzk6518638.cdn.ntruss.com/product/8801753109475.jpg
자연은샤인머스캣,"2150
",음료,500,225,0,0,56,50,0,5,https://tqklhszfkvzk6518638.cdn.ntruss.com/product/8801382149866.jpg
활기력,"3200
",음료,320,20,0,0,5,0,2+1,5,https://tqklhszfkvzk6518638.cdn.ntruss.com/product/8809535593467.jpg
자연은제주감귤,"2150
",음료,180,90,0,0,22,10,0,5,https://tqklhszfkvzk6518638.cdn.ntruss.com/product/8801382137917.jpg
쿨피스복숭아,"1500
",음료,930,40,0,0,10,45,0,5,https://tqklhszfkvzk6518638.cdn.ntruss.com/product/8801155418113.jpg
퓨레어자몽,"1700
",음료,500,0,0,0,0,0,0,5,https://tqklhszfkvzk6518638.cdn.ntruss.com/product/8809713911267.jpg
퓨레어레몬,"1700
",음료,500,0,0,0,0,0,0,5,https://tqklhszfkvzk6518638.cdn.ntruss.com/product/8809713911243.jpg
따옴애플망고,"2200
",음료,235,110,0,0,27,0,2+1,5,https://tqklhszfkvzk6518638.cdn.ntruss.com/product/8801104670944.jpg
콘트라베이스,"4000
",음료,500,20,1,0,4,95,0,5,https://tqklhszfkvzk6518638.cdn.ntruss.com/product/8801056177294.jpg
자연은납작복숭아,"1600
",음료,340,155,0,0,39,35,0,5,https://tqklhszfkvzk6518638.cdn.ntruss.com/product/8801382149224.jpg
마시는식사비건그레인,"2200
",음료,240,95,7,2.1,23,160,0,5,https://tqklhszfkvzk6518638.cdn.ntruss.com/product/8809495073979.jpg
마시는식사비건카카오,"2200
",음료,240,90,8,1.9,22,160,0,5,https://tqklhszfkvzk6518638.cdn.ntruss.com/product/8809495073986.jpg
델몬트포도,"2200
",음료,1500,50,0,0,12,5,0,5,https://tqklhszfkvzk6518638.cdn.ntruss.com/product/8801056071240.jpg
홍루이젠밀크티휴,"2700
",음료,250,188,6,8,23,100,0,5,https://tqklhszfkvzk6518638.cdn.ntruss.com/product/8801814003254.jpg
델몬트제주감귤,"3800
",음료,1200,30,0,0,8,5,0,5,https://tqklhszfkvzk6518638.cdn.ntruss.com/product/8801056000332.jpg
자연은망고,"4700
",음료,180,90,0,0,22,15,0,5,https://tqklhszfkvzk6518638.cdn.ntruss.com/product/8801382137900.jpg
자연은사과,"4200
",음료,2160,80,0,0,20,10,0,5,https://tqklhszfkvzk6518638.cdn.ntruss.com/product/8801382148678.jpg
자연은토마토,"4200
",음료,1500,90,0.7,0.6,21,55,0,5,https://tqklhszfkvzk6518638.cdn.ntruss.com/product/8801382148654.jpg
요구르트,"1000
",음료,325,157.5,2.25,0,38.25,33.75,0,5,https://tqklhszfkvzk6518638.cdn.ntruss.com/product/0000088007519.jpg
골드키위,"2000
",음료,500,500,0,53,1,220,0,5,https://tqklhszfkvzk6518638.cdn.ntruss.com/product/8809713910659.jpg
루카스나인라떼,"2000
",음료,447,76,1,4,9,20,0,5,https://tqklhszfkvzk6518638.cdn.ntruss.com/product/8801069410968.jpg
흑당밀크티,"2200
",음료,250,170,5.2,5,26,120,0,5,https://tqklhszfkvzk6518638.cdn.ntruss.com/product/8806371308521.jpg
스파클링비타민C,"1200
",음료,1400,65,0,0,15,50,0,5,https://tqklhszfkvzk6518638.cdn.ntruss.com/product/8806012820412.jpg
리얼깔라만시,"3550
",음료,500,37,0,0,9,6,0,5,https://tqklhszfkvzk6518638.cdn.ntruss.com/product/8809413680159.jpg
딸기맛우유,"1700
",음료,240,296,11.2,10.8,39.2,176,0,5,https://tqklhszfkvzk6518638.cdn.ntruss.com/product/8801104221467.jpg
패밀리요구르트,"2500
",음료,750,60,1,0,14,20,0,5,https://tqklhszfkvzk6518638.cdn.ntruss.com/product/8809350882296.jpg
저지방우유,"3050
",음료,1000,40,3,1,4.5,50,0,5,https://tqklhszfkvzk6518638.cdn.ntruss.com/product/8801121772881.jpg
아몬드브리즈초콜릿,"1500
",음료,190,100,1,3,17,100,0,5,https://tqklhszfkvzk6518638.cdn.ntruss.com/product/8801121768068.jpg
쥬시쿨청포도,"900
",음료,930,36,0,0,9,50,0,5,https://tqklhszfkvzk6518638.cdn.ntruss.com/product/8801104304573.jpg
녹차라떼,"2500
",음료,500,76,0.4,0,18.5,10,0,5,http://cdn2.bgfretail.com/bgfbrand/files/product/5A9F67B7ED284BE48B91BCCF9E44B305.jpg
요플레딸기,"1950
",음료,85,100,3,2.5,16,90,0,5,https://tqklhszfkvzk6518638.cdn.ntruss.com/product/8801104240284.jpg
쥬시쿨자두,"900
",음료,930,36,0,0,9,50,0,5,https://tqklhszfkvzk6518638.cdn.ntruss.com/product/8801104300681.jpg
가나쵸코우유,"1650
",음료,300,175,6.2,6.6,23,115,0,5,https://tqklhszfkvzk6518638.cdn.ntruss.com/product/8801123103454.jpg
요플레플레인,"1950
",음료,340,90,3,2.5,14,50,0,5,https://tqklhszfkvzk6518638.cdn.ntruss.com/product/8801104240642.jpg
쥬시쿨복숭아,"500
",음료,930,36,0,0,9,50,0,5,https://tqklhszfkvzk6518638.cdn.ntruss.com/product/8801104250627.jpg
초코에몽드링크,"1300
",음료,230,155,3,2.6,30,90,0,5,https://tqklhszfkvzk6518638.cdn.ntruss.com/product/8801069171067.jpg
라인프렌즈브라운,"5000
",식품,410,395,8,0,0,170,0,5,https://tqklhszfkvzk6518638.cdn.ntruss.com/product/8809148589772.jpg
코카콜라,"1,700",음료,250,108,0,0,27,8,0,5,https://tqklhszfkvzk6518638.cdn.ntruss.com/product/8801094013004.jpg
코카콜라,"2,300",음료,500,216,0,0,54,15,0,5,http://cdn2.bgfretail.com/bgfbrand/files/product/5ED4673A0D7C47689870677C71FAB0ED.jpg
